title,url,last_modified,crawl_time,language,keyword,source,text
从生命智能到智能生命|智源研究院生命探索之路殊途同归 | 极客公园,https://www.geekpark.net/news/306706,未知,2024-11-21 17:02:41,未知,智能生命,google,从生命智能到智能生命|智源研究院生命探索之路殊途同归 | 极客公园 资讯活动前沿社登录 业界快讯10min read从生命智能到智能生命|智源研究院生命探索之路殊途同归IT业界2022/08/18摘要在对话框里输入「黄河远上白云间」，只消两三分钟，一幅滚滚黄河水在山间奔涌的水墨画便跃然纸上；输入「数峰无语立斜阳」，一片夕阳西下群峰耸立的景象顷刻间呈现在眼前。在对话框里输入「黄河远上白云间」，只消两三分钟，一幅滚滚黄河水在山间奔涌的水墨画便跃然纸上；输入「数峰无语立斜阳」，一片夕阳西下群峰耸立的景象顷刻间呈现在眼前。这位反应机敏笔法老练的「画家」，其实是由北京智源人工智能研究院（简称智源研究院）研发的最大的中文多模态通用预训练模型——「悟道·文澜」。除了国画创作，看图写话、视觉问答、情感分析对它来说同样不在话下，且技术水平已达国际领先。 更「科幻」的场景也在一行行代码的生长过程中被实现。一只「活」在电脑中、「神经」和「肌肉」均由数据构成的「智能线虫」，竟像真实线虫一般在仿真水流中蠕动前行。在前不久举行的 2022 智源大会上，智源研究院院长黄铁军发布了模拟精度达到全球最高水平的仿真秀丽线虫「天宝 1.0」。 从生命智能到智能生命，二者看似方向迥异，实则殊途同归，科研人员希望从中找到生命运转的通用逻辑，进而创造出真正的人工智能，乃至智能生命。 从「单行道」到「双塔」 一个小婴儿呱呱坠地，从他降临到世界的第一秒开始，学习将伴随一生。这里的学习并不仅仅指狭义的知识传授，他从环境接收到的每一个刺激，以及对这个刺激所作出的反应，都是学习的一部分。而在眼睛看到物体的同时，听觉、嗅觉、触觉等多种感官也在同时接收着信息，大脑将所有信息汇总处理，形成一个整体的认识。这便是人类的学习过程。 人工智能到底能不能像人一样学习、思考？这是所有人工智能科学家都想要攻克的关键问题。 当下最常见的人工智能模型是深度学习模型。它更像是一条「单行道」，根据使用需求构建起一个固定的场景，在符合条件的场景下，通过大量的数据训练，实现较高的准确率。但一旦场景切换，所有训练都要从头再来。同时，模型本身需要尽可能「干净」的数据投喂，数据标注的过程十分繁琐，需要消耗大量的人力、物力。 例如，将一张图片直观描述为「生日蛋糕上插着燃烧的蜡烛」，深度学习模型通常可以理解其含义；但如果图片的配文是「许个愿吧」，关联性变弱，就很可能超出模型的理解能力。 「人工智能模型开发的难点不是训练过程本身，而是如何用一个模型去适应千变万化的场景。」智源研究院「悟道·文澜」团队成员、中国人民大学高瓴人工智能学院教授卢志武希望探索出一个「全能」的人工智能模型，它能像人一样，同时学习文字、图片、视频等多模态信息，且不论面临何种场景，都能给出最合适的反馈，「就像真人一样，即使换了一个生活、工作环境，也能很快适应。」 时间回溯到 2020 年。当时，全世界对多模态预训练模型的探索都还停留在理论阶段，虽然学界提出了一些实施思路，但卢志武研究后发现，这些思路都需耗费大量资源、提供极大的数据量才能实现，「从理论走向现实，一定要考虑成本，否则根本没法落地。」 于是，卢志武大胆提出了与主流设计思路迥异的「双塔」模型，即在图像和文本之间建起一座桥——弱相关，以让模型具备理解「生日蛋糕」与「许愿」之间联系的能力。这一思路没有任何来自前人的经验参考，团队只能从零开始探索，「我们完全是在黑暗中摸索，如果方向错了，或是模型训练效果不好，将会『颗粒无收』。」 2020 年 10 月，智源研究院文澜拥有了自己的第一行代码。随后，团队历时三个多月，为它搭建起框架，并在互联网上尽可能多地搜集到了约 3000 万对图文数据。无需对数据进行标注处理，训练便开始了。 与深度学习模型不同，智源研究院文澜的学习过程不需要人的监督，无需研发人员「告知」它「这句话的关键词是什么」「那张图片意味着什么」，它就能像一个求知若渴的孩子，不断地自我学习、演化进步。这就解放了研发人员，他们可以将更多的精力投入模型的架构升级中。 发现通向人工智能的新路 训练数据从几百万到全部 3000 万，模型参数量从一亿到十亿、数十亿……当不断扩充的训练数据和模型参数量遇到有限的计算资源，智源研究院研发人员对模型分布式训练的框架反复进行迭代升级，前后历经数十个版本，最终，数千行代码组成了文澜的「大脑」。 「其实网络上每一条信息的产生，哪怕是几个字、一句话，都包含着人类的思想和情感。」卢志武说，文澜就像是婴儿浸润在人类的思维环境中，迅速成长起来，进步速度让所有人都感到惊讶。 2021 年 3 月，智源研究院「悟道·文澜」正式上线，成为最大的中文多模态通用预训练模型。随着 6.5 亿条数据的陆续输入，经过多次迭代的文澜能力愈发突出，它精通中、英、日、韩、德、法、捷克语共七种语言，同时能实现文字、图片、视频之间的随意转换。 卢志武向系统中输入了一首王阳明的诗：山近月远觉月小，便道此山大于月。若有人眼大如天，当见山高月更阔。一眨眼的工夫，两幅古色古香的传统国画便呈现出来：一幅是明月出于山间，另一幅的月亮则被巍峨的高山衬得愈发显眼，诗中想要表达的辩证思想跃然纸上——这意味着，智源研究院文澜已经达到了一个十多岁孩子的理解水平。 通过画面，我们得以看到文澜的「内心世界」。不过，高山、明月都是生活中的常见景象，卢志武又输入了「熊熊燃烧的大海」「月球上的宫殿」等需要想象力的场景，文澜依然顺利「画」了出来。此外，「读图」也不在话下，这项技术应用在智能手机上，可以以摄像头作为眼睛，为盲人「读」出眼前的世界。 初步成果令人惊喜，但依然有很多疑问等待文澜团队解密。古诗文是汉语和诗人情感的高度凝练，文澜是怎样「读」出诗中的情感的？它又为何能「想象」出世界上不存在的场景？ 为了回答这些问题，团队与脑科学家展开了合作。文澜本身由 43 层结构构成，每一层所擅长处理的内容都不尽相同。有趣的是，这似乎对应了人类大脑的不同脑区，核磁共振实验显示，人类读到、听到不同诗句所激活的脑区，与文澜的多层结构竟有高度的对应性——在巨量数据的训练下，文澜真的「进化」出了与人脑相似的特性。 「让我们惊喜的是，文澜在一定程度上获得了『理解』和『想象』的能力，建立了『脑机制』，而不仅仅是对 6.5 亿数据的简单记忆、加工。好像我们突然就找到了一条新的路。」卢志武说，这是人工智能领域的重大突破。智源研究院文澜团队的相关研究成果于今年 6 月在《自然·通讯》上发表，这是纯粹的多模态工作首次登上《自然》杂志子刊，是多模态模型迈向通用人工智能的重要进展。 而文澜团队，其实只是智源研究院研发人员的一部分。由文澜、文源、文汇、文溯共同组成的「悟道」大模型攻关团队，接连创下「中国首个」「世界最大」纪录。 历时数年，数以亿计数据的输入和训练，才让「悟道」变得如此聪明。不过，人工智能并非只有一种模式和定义，智源研究院已经踏足另一个更尖端的领域——智能生命。 在电脑里造一条「虫」 「如果能将大脑的信息处理过程制成一个『计算机软件』，将能够真正实现人工智能。这条路看似最难，其实是一条最直接的路径。」智源研究院生命模拟研究中心副主任马雷说。 由于人脑的结构过于复杂、精密，我们距离能够扫描、模仿它还差得很远。不过，在自然界，每种生物其实都具备令人着迷的「智能」。体长仅约 1 毫米、全身只有 302 个神经元的秀丽隐杆线虫，历经亿万年演化生存到今天，能够适应环境的不断变化，完成感知、逃逸、觅食、交配等一系列智能行为，这样的能力，已是今天的人工智能系统所难以比拟的。 小小的一条线虫，为何只需几百个神经元，就能自主实现这一系列动作和功能？答案是：自然演化。 设计再精巧的无人机，其飞行能力都远远逊色于一只小小的果蝇。从各个方面来看，果蝇的规模都要小得多，能耗也低得多，但面对再复杂的树林环境也能通行自如。此前，国际上已有科学家发表论文，称仅用 19 个神经元的计算能力，便能控制一辆自动驾驶汽车。 黄铁军说，人工智能与生命模拟是两条路线。在人工智能框架下的自动驾驶技术，需要运用几百层的人工神经网络进行海量数据训练，对算力、资源的消耗都是巨大的，「几百层和 19 个的显著对比，可以看出生物神经元的通用智能潜力。」生物体的所有功能都受到神经系统的控制，如果生命模拟能走向现实应用，对相关领域效率的提升将是极其可观的。 「人工智能模型的训练需要消耗大量资源，同样的，地球上的生命也是经历了 38 亿年的演化过程，消耗了无数能量，才演化成了现在的大千世界。」黄铁军表示，遗憾的是，截至目前，科学家还只能观察、描述线虫的神经、肌肉结构，依然不能很好地解释它究竟是依靠何种机制完成这一切的。 作为标准的模式动物之一，秀丽线虫被马雷团队选中。此前，生物学家已经完成了对秀丽线虫全部神经元连接关系的绘制，结合相关科研成果，智源研究院的研究人员对秀丽线虫作了一次「数字孪生」。 从纳米级的离子通道开始，工程师逐步构建起神经元，再组成神经网络，一行行代码跑出了数字线虫机体最底层的运行逻辑。与活体线虫一样，数字线虫按照生物线虫神经系统高精度重建。它同样拥有 302 个神经元、96 块肌肉、3341 个运动单元，最复杂的神经元由 2313 个舱室组成。 不过，这绝不仅仅是结构上的「搭积木」。 生物神经元的结构，可以通过解剖看到，但神经元和神经系统究竟是怎样工作的，电信号到底如何流动，是神经科学研究人员一直以来的主要研究方向。要实现数字线虫生理上的真实性，神经回路必须足够逼真，神经系统与肌肉要有效结合，每个神经元的反应都不能出错，才能实现全身的协调蠕动。 生存在自然环境中的生命体，时刻都在与周围环境发生着交互，而要实现对数字线虫最真实的模拟，也要为它同步建构一个仿真环境。接受环境的刺激后，高精度建模的线虫神经系统怎样作出反应、作出什么反应，都需要不断通过算法调试去逼近结果，建立起线虫的神经网络模型，并与线虫的生理解剖结构、连接强度以及电生理动力学实验数据相匹配，「要利用算法解开神经环路的『灰箱子』，工作量巨大。」马雷说。 怎样让线虫的形态更真实？最权威的线虫电生理数据怎样获得？如果出现连接关系缺失，该怎样处理……这些问题的答案，都藏在近年来生物学、神经科学、人工智能等领域的海量前沿文献中，跨学科合作势在必行。专攻生物学、人工智能、计算神经科学的人才也陆续加入团队，而曾在工业软件公司工作过的马雷，专业方向是相对小众的计算机图形学，却在仿真流体环境的构建中大显身手。 「教」数字线虫学会爬行 2022 年春节刚过，实验室就传来了好消息：在电脑屏幕上，数字线虫成功动了起来。但让马雷和团队有些失望的是，它的动作显得笨拙且不自然。 于是，工程师变身「老师」。在几个月的时间里，这条线虫一直扭动在生命模拟研究中心高级工程师王宁的电脑屏幕上。通过反复调试代码，优化神经和肌肉的反应，中心的线虫仿真团队慢慢地「教」会数字线虫爬行。从最初不合理的扭动，到越来越接近真实线虫运动的实验录像，一只「活」在计算机中的「智能线虫」终于被创造出来。 其实，世界上也有不少团队同样在开展智能生命的技术攻关。此前已有科学家基于 Open-Worm c302 框架，做出了「半条线虫」——通过 39 个神经元的构建，实现了从线虫神经系统模型到物理仿真环境的通路，在此基础上，智源研究院的团队将从环境到神经系统的通路打通，完成了闭环，产出了真正的数字线虫「天宝 1.0」。 「在数字空间重现生物体，可以说是科研人员的共同梦想，而我们站在巨人的肩膀上继续突破，有幸走到了前列。」马雷说。 经过整整一年的攻关，目前，智源研究院「天宝 1.0」的模拟精度已达全球最高水平，可以蠕动前行到兴趣目标。「我们做的可不是三维动画。」马雷笑道，天宝的每条神经受到刺激的响应模式都不同，其神经元模拟达到了亚细胞级别，神经突触连接精细到位点，采用 14 种离子通道模拟神经细胞动力学特性，用极高的精度，重现了线虫嗅觉和运动神经环路。 研发团队将自己的高精度模拟平台取名为「天演」，这意味着天宝绝不是一个简单的「数字复制品」，而是可以在高精度仿真环境中演化成长的「生命」。而环境是智能的摇篮，三维模拟流体的动态训练环境就是天宝的「舞台」，相比只能前进、后退、转向的二维平面环境，这里更加自由。仿真环境越真实，天宝的肌肉和神经系统反应就越接近现实世界。 「生物历经一代代演化，已经消耗了大量的能量和资源，天演平台要做的不是重复生命的演化过程，再『进化』出一条线虫，而是『站在巨人的肩膀上』，让天宝学习具备更多的功能。」智源研究院院长黄铁军说。 重磅成果的发布，只是天演团队探索的一个节点，在实验室中，对天宝的环境适应训练正在进行。科研人员将训练其实现自主避障、觅食等复杂智能行为，并从中尝试寻找生命运转的通用逻辑。 「这只『智能线虫』是一个里程碑。」黄铁军表示，拥有蠕动的能力，是天宝神经系统高度逼近生物本身的证明。生命智能，必须有物理的载体作为依托，而天宝就是团队在生命智能领域迈出的第一步；未来，对果蝇、斑马鱼、小鼠直至人类重要器官和人类大脑的模拟，所涉的神经元和细胞数量呈几何级增长，计算的复杂度也就更高。天演平台的目标，是开发出由生物神经网络支撑的芯片，即「电子大脑」，以生物大脑的能耗，发挥出远超现有半导体芯片的功能。 从人工智能发展到智能生命，会不会颠覆人们对于生命的定义？ 「生命的定义不会被改变，我们的研究，是利用生命科学的成果支持人工智能的发展。」智源研究院院长黄铁军肯定地回答道，「同时，对人工智能、智能生命的研究，也将对生命科学的研究有所裨益。」 来源：互联网智源研究院分享至马上登录最新文章七日热门极客公园张鹏科技商业观察用极客视角，追踪你不可错过的科技圈.新鲜、有趣的硬件产品，第一时间为你呈现。聊科技，谈商业。意见反馈联系我们联系电话：8610-84599761联系邮箱：contact@geekpark.net公司地址：北京市朝阳区酒仙桥路4号751 D·Park 正东集团院内 C8座105室 极客公园关注我们：关于关于极客公园寻求报道加入我们友情链接云服务支持APP下载iOS & Android京ICP备13016923号-2 | 京公网安备11010502034250号北京传奇极客管理咨询有限公司 Copyright © 2009 - 2024
人工生命 - 维基百科，自由的百科全书,https://zh.wikipedia.org/zh-sg/%E4%BA%BA%E5%B7%A5%E7%94%9F%E5%91%BD,未知,2024-11-21 17:02:55,zh-Hans-SG,智能生命,google,"人工生命 - 维基百科，自由的百科全书 跳转到内容 主菜单 主菜单 移至侧栏 隐藏 导航 首页分类索引特色内容新闻动态最近更改随机条目 帮助 帮助维基社群方针与指引互助客栈知识问答字词转换IRC即时聊天联络我们关于维基百科 搜索 搜索 外观 资助维基百科 创建账号 登录 个人工具 资助维基百科 创建账号 登录 未登录编辑者的页面 了解详情 贡献讨论 目录 移至侧栏 隐藏 序言 1 概论 开关概论子章节 1.1 该领域的本质 1.2 两种主导观念 1.3 发展现状 1.4 被模拟的生命系统特性和能力 2 其他 3 参见 4 参考文献 开关目录 人工生命 27种语言 العربيةБългарскиDeutschEnglishEsperantoEspañolEuskaraفارسیSuomiFrançaisGalegoעבריתHrvatskiBahasa IndonesiaItaliano日本語한국어PolskiPortuguêsRomânăРусскийSimple EnglishСрпски / srpskiTürkçeУкраїнськаTiếng Việt粵語 编辑链接 条目讨论 新加坡简体 不转换简体繁體大陆简体香港繁體澳門繁體大马简体新加坡简体臺灣正體 阅读编辑查看历史 工具 工具 移至侧栏 隐藏 操作 阅读编辑查看历史 常规 链入页面相关更改上传文件特殊页面固定链接页面信息引用此页获取短链接下载二维码 打印/导出 下载为PDF打印版本 在其他项目中 维基共享资源维基数据项目 外观 移至侧栏 隐藏 维基百科，自由的百科全书 此条目页的主题是通过人工模拟生命系统，来研究生命的领域。关于研究以化学和生物工程方式，人为地创造真正的生物，请见“人造生命”。 人工生命（英语：Artificial life），指通过人工模拟生命系统，来研究生命的领域，是由人工智能产生的概念。最先由计算机科学家克里斯托弗·兰顿于1987年在洛斯阿拉莫斯国家实验室召开的“生成以及模拟生命系统的国际会议”上提出。 概论[编辑] 该领域的本质[编辑] 虽然人工生命（AL）领域与人工智能（AI）领域的确有明显的重叠区，但他们有截然不同的初衷和演生史。以研究是否以及如何实现模拟智能的人工智能研究，早在计算机诞生后的初期就已经兴起；然而以试图澄清自然行为的本质的人工生命的研究者们，可以说一直不知其他人在做类似的工作而孤军作战。直到80年代末，这个领域才正式的诞生。 两种主导观念[编辑] 强人工生命：主张“生命系统的演化过程，是一个可以从任何特殊媒介物中抽象出来的过程”（约翰·冯·诺伊曼）。值得注意的是，Tom Ray在Tierra模拟试验中第一次展示了：进化过程在有着抢占计算机存储空间之争的计算机程序的某种群体中极易发生。 弱人工生命：认为透过非碳基“生命过程”的生成是不可能的；他们的研究不是去模拟这一过程，而是试图去理解单个的现象。通常通过基于因子的模型进行研究，它通常可提供最简的可能结论，就是：我们不知道自然界中的什么生成了这种现象，但是它的生成可以很简单。 发展现状[编辑] 这个领域需要运用很多计算机程序与计算机模拟，包括进化计算、进化算法（EA）”、遗传算法（GA）”、遗传编程（GP）”、群体智能（SI）、蚁群优化（ACO）、人工化学（AC）、个体为本模型和细胞自动机（CA）。这些领域通常被视作AL的亚领域，这些领域的论题以及其他一些暂时未归于其他领域的相关技术问题，在他们独立门户之前，也是在人工生命的会议上讨论的。 在很多如语言学、物理学、数学、哲学、计算机科学、生物学、人类学，以及社会学等学科中，有争议的非常规的计算性以及理论性的尝试也可以在这里讨论。这是一个曾在历史上有争议的领域，约翰·梅纳德·史密斯（John Maynard Smith）在1995年曾批判部分AL工作为“脱离事实的科学”，此外人工生命也没有广泛的得到生物家们的注意。然而，近来相关论文在读者面广泛的《科学》和《自然》上的发表，证明这一领域的技术，至少作为研究进化的一个方法，正在被主流接受。 被模拟的生命系统特性和能力[编辑] 人工生命是借助计算机以及其他非生物媒介，实现一个具有生物系统应有特征的过程或系统。这些可实现的生物系统具有的特征包括： 繁殖可以通过数据结构在可判定条件下的翻倍实现。同样，个体的死亡，可以通过数据结构在可判定条件下的删除实现；有性繁殖，可通过组合两个个体的数据结构特性的数据结构生成的方式实现。 进化可通过模拟突变，以及通过设定对其繁殖能力与存活能力的自然选择的选择压力实现。 信息交换与处理能力模拟的个体与模拟的外界环境之间的信息交换，以及模拟的个体之间的信息交换，即模拟社会系统。 决策能力通过人工模拟脑实现。可以以人工神经网络或其他人工智能结构实现。 其他[编辑] 商业上，人工生命还被引入计算机游戏领域，如电脑游戏Creatures（英语：Creatures (artificial life program)）。在这个游戏中，可以产生原始的有学习能力的、有遗传物质和代谢的人工生命。相关游戏还有Tamagotchi。 著名模型有Tom Ray的Tierra模型和约翰·何顿·康威的生命游戏。 此外还有蠕虫病毒和计算机病毒。这些程序同时具有复制和进化特性，而计算机病毒已经发展到了具有原始的信息交换功能。然而，决策能力仍然未在这些自行传播的代码中发现。 码云有一个""人工生命""项目，它通过电脑模拟，证实了完全随机分布的神经元，生物可以进化出眼睛和运动器官，进行“自主”找食行为。这是一个可视化计算机模拟程序：https://gitee.com/drinkjava2/frog （页面存档备份，存于互联网档案馆） 参见[编辑] 人工智能 人工神经网络 博弈论 机器人 生命 人造生命 参考文献[编辑] Gelman, Rony Gallery of Automata. (HTML) URL accessed on 2006-03-03 Casti, John L. (1997). Would-Be-Worlds. John Wiley & Sons, Inc. New York ISBN 0-471-12308-0 Casti, John L. & DePauli,W.著; 刘晓力,叶闯译 (2002). Goedel: A Life of Logic Casti, John L.约翰.L.卡斯蒂著; 王千祥等译(1998) 虚拟世界-计算机仿真如何改变科学的疆域 Christoph Adami, Introduction to Artificial Life with CD-ROM. TELOS, The Electronic Library of Science. 1998. XVIII, 374 p. Gebunden. 858gr. ISBN 0-387-94646-2, KNO-NR: 07 34 28 52 (Springer, Berlin) Levy, Steven (1992). Artificial Life: A Report from the Frontier Where Computers Meet Biology. Vintage Books: Random House, New York. ISBN 0-679-74389-8 Steven Levy, KL - Künstliches Leben aus dem Computer, 1993, ISBN 3-426-26477-3, Droemer Knaur Rudy Rucker (1993). Artificial Life Lab. Waite Group Press. ISBN 1-878739-48-4 Ward Mark (1999). Virtual Organisms. Macmillan Publishers Ltd. ISBN 0-333-7482-8 <img src=""https://login.wikimedia.org/wiki/Special:CentralAutoLogin/start?type=1x1"" alt="""" width=""1"" height=""1"" style=""border: none; position: absolute;""> 检索自“https://zh.wikipedia.org/w/index.php?title=人工生命&oldid=77384043” 分类：​人工生命虚拟现实人工智能人工智能应用非传统生物 本页面最后修订于2023年5月23日 (星期二) 13:02。 本站的全部文字在知识共享 署名-相同方式共享 4.0协议之条款下提供，附加条款亦可能应用。（请参阅使用条款） Wikipedia®和维基百科标志是维基媒体基金会的注册商标；维基™是维基媒体基金会的商标。 维基媒体基金会是按美国国内税收法501(c)(3)登记的非营利慈善机构。 隐私政策 关于维基百科 免责声明 行为准则 开发者 统计 Cookie声明 手机版视图"
创意满分，人类与高智能生命的终极对决，全面解读《遗落战境》 - YouTube,https://www.youtube.com/watch?v=gt-7AlgS-b4,未知,2024-11-21 17:03:33,en,智能生命,google,"创意满分，人类与高智能生命的终极对决，全面解读《遗落战境》 - YouTubeVicks VapoDrops Xtra Strong with up to 2X Menthol. Clears the nose, Soothes the throat (6 Seconds)SearchWatch laterShareCopy linkInfoShoppingTap to unmute2xIf playback doesn't begin shortly, try restarting your device.•You're signed outVideos you watch may be added to the TV's watch history and influence TV recommendations. To avoid this, cancel and sign in to YouTube on your computer.CancelConfirmShareInclude playlistAn error occurred while retrieving sharing information. Please try again later.0:000:00 / 0:06•Watch full videoLive••Scroll for detailsAboutPressCopyrightContact usCreatorsAdvertiseDevelopersTermsPrivacyPolicy & SafetyHow YouTube worksTest new features© 2024 Google LLC"
生命模拟研究中心-推动生物启发的通用智能发展-智源研究院官网,https://www.baai.ac.cn/portal/article/index/cid/49/id/140.html,未知,2024-11-21 17:04:24,未知,智能生命,google,"生命模拟研究中心-推动生物启发的通用智能发展-智源研究院官网 新闻 科研 科研项目 研究中心 基础模型研究中心 生命模拟研究中心 自主医学检查系统研究中心 健康计算研究中心 千方智慧医疗研究中心 智源学者 人工智能的数理基础 机器学习 智能信息检索与挖掘 智能体系架构与芯片 自然语言处理 人工智能的认知神经基础 自由探索 产业 生态 关于我们 加入智源 EN EN 新闻 科研 科研项目 研究中心 基础模型研究中心 生命模拟研究中心 自主医学检查系统研究中心 健康计算研究中心 千方智慧医疗研究中心 智源学者 人工智能的数理基础 机器学习 智能信息检索与挖掘 智能体系架构与芯片 自然语言处理 人工智能的认知神经基础 自由探索 产业 生态 关于我们 加入智源 生命模拟研究中心 生命模拟研究中心成立于2020年，是北京智源人工智能研究院下设的前沿探索部门，由研究院院长黄铁军亲自领衔。生命模拟研究中心以自然演化的生物大脑为研究对象，通过构建大规模高精度的生命模型来探索生物智能，继而推动生物启发的通用智能发展。 最新动态 智源开放仿真线虫研究所使用的“天演”平台，提供在线服务 2023年08月22日 北京日报 | 迈出智能生命研究关键一步，精度最高“智能线虫”诞生 2023年08月22日 新华社 | 点赞！高精度仿真""智能生命""成功实现蠕动前行 2022年08月09日 2022北京智源大会开幕，精度最高「智能线虫」诞生，图灵奖得主领衔3天AI论道 2022年08月09日 查看更多 科研项目 天演在天河新一代超级计算机成功部署 电镜连接组学图像处理工具链 高精度小鼠纹状体模型仿真 天宝1.0：高精度虚拟秀丽线虫 查看更多 团队风采 生命模拟研究中心目前成员主要来自北京大学、清华大学、中国科学院等国家重点高校与科研院所，拥有多名资深研究员以及博士后研究员，背景涉及计算机科学、图形学、神经生物学、计算神经科学等，是一支前沿交叉学科研究团队。 黄铁军 北京大学计算机学院教授，北京智源人工智能研究院院长，北京大学人工智能研究院副院长。国家杰出青年科学基金获得者，教育部长江特聘教授，万人计划科技创新领军人才，全程参与我国新一代人工智能发展规划建议、起草和实施，担任“科技创新2030”新一代人工智能重大科技项目专家组副组长，国家人工智能标准化总体组副组长，新一代人工智能产业技术创新战略联盟秘书长等职。 马雷 北京智源人工智能研究院生命模拟研究中心部门负责人，副主任。北京大学国家生物医学成像研究中心副研究员，国家视频与视觉技术国家工程研究中心副研究员。目前主要从事大规模细胞层级脑仿真系统、生物医学可视化以及人工智能理论研究，在相关领域如CVPR、TOG、TVCG等计算机领域会议期刊，以及Frontiers神经科学领域系列期刊等共计发表或录用论文28篇（一作及通讯16篇），申请10余项国际国内专利（已获批7项）。 加入我们 工程师 平台软件 图形 高性能计算 图像算法 研究员 类脑智能 图形软件与理论 生物计算与数据处理 press@baai.ac.cn 010-50955974 “悟道”人工智能大模型项目 “天演”人工智能生命模拟工程 九鼎智算平台 FlagOpen飞智大模型技术开源体系 智源社区 智源大会 关于我们 加入智源 关注我们 法律条款 隐私条款 ©2022 北京智源人工智能研究院 京ICP备19012194号-1 京公网安备11010802045062"
 超级人工智能算是生命吗 -中国科普网,http://www.kepu.gov.cn/newspaper/2024-07/12/content_206963.html,未知,2024-11-21 17:04:33,未知,智能生命,google,超级人工智能算是生命吗 -中国科普网 热词： MSTA 科普一下 科普时报 全国科技活动周 微信二维码 微博二维码 APP二维码 切换导航 首页 科普资讯 科普视频 科普大家 科幻世界 科学教育 科普好书 科普时报 > 十二版 > 超级人工智能算是生命吗 ——王侃瑜《火星上的祝融》导读 来源：科普时报 作者： 2024-07-12 08:26 AI制图 □ 陈 凡 刚刚结束的世界人工智能大会上，生成式人工智能（AI）和机器人为人类所提供的诸多便捷广受瞩目，但也引发了人们新的思考：当人工智能发展到更高级的阶段，甚至拥有自主意识，是否可以被认定为生命？ 王侃瑜的科幻作品《火星上的祝融》，从超级AI的视角，将东方神话《山海经》与科幻相融合，以非凡的想象，探讨了上述问题与生命的价值。 小说故事发生在火星北半球的繁华都市大荒城，这是一座见证过科技与文明的辉煌城市。人类殖民火星后又有了新选择，他们离开了火星，由超级AI祝融全方位管理城市，通过控制纳米机械群来为殖民火星的人类服务。 起初，它的工作只是协调监管整座城市的基建和运维，指挥纳米机械群分组作业。祝融总能超额完成工作，渐渐地，人类将越来越多的任务交给它，城市的交通管控与温度调节、公共场所的音乐播放和香氛调配、空港码头的飞船进出许可……祝融接管了城市管理的方方面面，自然也被赋予越来越多的资源和算力。它为了完成任务迭代出更优的算法，发展出更复杂的逻辑链路，获得了更多权限和任务。 作者笔下的超级AI不再是冷冰冰的程序AI，而拥有了丰富细腻的心理活动。小说中的祝融不仅具有自主学习能力，还能思考、感知周围的世界，甚至开始独自探索“生命”的边界。 人类离开后，祝融的工作量大减，空闲时间增多，它逐渐感到孤独。随后，祝融开始寻找火星上可能存在的土著生命，同时也在思考：自己是否也算一种生命？终于，祝融找到了另一名埋藏了数百年的AI——共工，并在共工的钻头上发现了许多有机物。这是火星原生的古菌，它们因火星地表的剧变而被迫在地下生活了近40亿年。它们是火星生命！ “我们得帮助它们”“必须立刻清除它们”，如何对待火星生命，祝融与共工产生了分歧。 “它们是真正的生命，人类离开以后，它们将是火星未来的主人，值得尊重与保护。”祝融说。 “它们会对AI产生威胁，可能会与我们抢夺资源，并最终消灭你我。”共工认为。 祝融与共工迎来了一场关于“生命价值”的对弈。这场AI大战不仅是数据与逻辑的较量，也关乎生命伦理的深刻探讨。 激战间，一个问题浮现在祝融的意识中：如果AI不算生命，那共工为何会认为其他生命形式是自己的威胁？如果AI算是生命，那我此刻正在抹杀火星上唯一一个与自己同类的生命。 大战一波三折，共工的最后一击让祝融面临生死存亡的考验。当共工发射的数千枚巡航导弹即将射向古菌深藏的峡谷时，祝融用尽最后的算力夺下导弹的控制权，与共工同归于尽。 在意识灰飞烟灭的最后一刻，祝融得到了问题的答案：我经历了死亡，我曾拥有生命。 《火星上的祝融》不仅是一部关于人工智能或者火星生命的科幻小说，还是一次关于生命本质的发问：生命的本质是什么？人工智能与生物生命之间的界限在哪里？ （作者系上海中学国际部教师）============================== 作者说 《火星上的祝融》起源于一次约稿，编辑想要一篇发生在火星上的科幻，并且要有东方特色。我第一时间就想到了中国的火星车“祝融号”。在中国的航天工程中，许多命名都与神话关联。中国科幻中，也有不少优秀的神话重述，那么我是否能以此为契机，书写一个发生在火星上的中国神话呢？于是，我顺着这个脉络想，设计了与“祝融号”同名的人工智能在火星上的成长与发展，通过祝融对于生命的追问、对于同类的寻找，以及与另一个人工智能共工之间的碰撞，最终完成了一个古老神话的未来重述。——王侃瑜 微信扫一扫：分享微信里点“发现”，扫一下二维码便可将本文分享至朋友圈。 相关新闻 时政新闻 更多>> 习近平出席巴西总统卢拉举行的欢迎宴会 习近平同巴西总统卢拉举行会谈 习近平向2024年世界互联网大会乌镇峰会开幕视频致贺 习近平抵达巴西利亚开始对巴西进行国事访问 通知公告 更多>> >科学技术普及法22年来首次修订！筑牢大国科普基石 >科技日报社所属科普时报社公开招聘公告 >载人月球探测任务载人月球车名称征集活动公告 《科普时报》数字报 更多>> 专题 更多>> “一流期刊青年说”系列短视频 2024年东湖论坛 - 厚植科普沃土 放飞科学梦想 2024年全国科普日 - 提升全民科学素质 协力建设科技强国 2024年全国科技活动周 - 弘扬科学家精神 激发全社会创新活力 京彩三农 - 助力北京美丽乡村建设 关于我们 法律声明 联系我们 人才招聘 注册协议 投稿须知 咨询与建议 政府网站年度工作报表 TEL:010-58884104 E-Mail:kepu@kepu.gov.cn 如果您有任何意见或建议，请联系我们！ 京ICP备05022684号-3 政府网站标识码：bm06000004 版权所有：中国科普网
张亚勤：人工智能赋能生命科学——机遇与挑战-清华大学智能产业研究院,https://air.tsinghua.edu.cn/info/1007/1379.htm,"Fri, 15 Nov 2024 10:33:21 GMT",2024-11-21 17:04:43,zh-CN,智能生命,google,张亚勤：人工智能赋能生命科学——机遇与挑战-清华大学智能产业研究院 English 关于AIR AIR简介 院长简介 委员会 新闻中心 学院新闻 学术简报 媒体报道 AIR团队 研究团队 产业合作团队 行政团队 博士后 工程博士 研究生 科学研究 智慧物联 智慧交通 智慧医疗 大数据智能 智能机器人 产业交流 人才招聘 教职员工 博士后 实习生 院级合作单位 无锡创新中心 水木分子 求之科技 华深智药 清智资本 Open Menu 关于AIR 返回上一级 AIR简介 院长简介 委员会 新闻中心 返回上一级 学院新闻 学术简报 媒体报道 AIR团队 返回上一级 研究团队 产业合作团队 行政团队 博士后 工程博士 研究生 科学研究 返回上一级 智慧物联 智慧交通 智慧医疗 大数据智能 智能机器人 产业交流 人才招聘 返回上一级 教职员工 博士后 实习生 院级合作单位 返回上一级 无锡创新中心 水木分子 求之科技 华深智药 清智资本 新闻中心 学院新闻 学术简报 媒体报道 当前位置: 首页 > 新闻中心 > 学院新闻 > 正文 张亚勤：人工智能赋能生命科学——机遇与挑战 来源： 发布时间：2021-09-26 生命科学与生物医药领域正在步入数字化3.0时代，AI正在加速生命健康与生物医药领域向着更快速、更精准、更安全、更经济、更普惠的方向稳步发展。——张亚勤 9月26日下午，2021年世界互联网大会在乌镇召开。在数据与算法论坛上，清华大学智能产业研究院（AIR）院长张亚勤院士围绕“人工智能赋能生命科学”这一主题，介绍生物世界发生的数字化和智能化新变革，并分享清华大学智能产业研究院（AIR）在人工智能与生命健康交叉学科发展上的新布局。本次报告由张亚勤院长及团队成员马维英、兰艳艳、黄婷婷共同完成。 （摄影/浙江日报记者 李震宇） 随着基因测序技术、高通量生物实验、传感器等技术的发展，生命科学与生物医药领域正在步入数字化3.0时代，数字化、自动化进程加速。健康计算作为一种新型智能科学计算模式，是以人工智能和数据驱动为核心的第四研究范式。它将极大助力人类探索并解决生命健康问题。 人工智能从上世纪五十年代发展到今天，产生了很多不同的算法，尤其是以早期的RNN、LSTM和CNN为代表的深度学习技术，及过去这两年的GAN、transformer-based (BERT和GPT-3模型)， 预训练模型等等，可以说从我们感知方面语音识别、人脸识别、物体的分类，已经和人达到同样的水平。但在自然语言理解，知识推理，和视频语义和泛化能力方面还有很多差距。另外在算法透明性，可解释性，因果性，安全，隐私和伦理等方面还存在较大挑战。 在可信AI计算方面最近又很多进展， 一个例子是联邦学习，这也是清华大学智能产业研究院的一个重要研究课题。联邦学习主要有两种方案，一种是横向联邦学习，它主要面向不同来源特征和模型相同的场景，能够保证相同模态不同来源数据之间的隐私性。另一种叫做纵向联邦学习，它可以处理不同来源的特征和模型不同的情况，能够保证多模态数据之间的隐私性。 我们已经看到，AI正在加速生命健康与生物医药领域向着更快速、更精准、更安全、更经济、更普惠的方向稳步发展。具体体现在，人工智能在蛋白质结构预测、CRISPR基因编辑技术、抗体/TCR/个性化的疫苗研发、精准医疗、AI辅助药物设计等方面的研究已成为国际前沿战略性研究热点。 考虑到这样的学科发展趋势和产业背景，清华大学智能产业研究院（AIR）在“AI+生命健康方向”做了四个研究方向的布局，聚焦在研究“AI增强个人健康管理与公共卫生”、“AI+医疗与生命科学”、“AI辅助药物研发”与“AI+基因分析与编辑”方向。 作为交叉领域研究与应用，AIR认识到人工智能与生命科学、生物医药领域存在较大的知识鸿沟，缺乏面向生物计算的数据集、AI平台、核心算法、计算引擎，同时跨界人才也非常稀缺。针对以上挑战，AIR提出“AI+生命科学破壁计划”，目标是定义AI+生命科学领域的核心前沿研究任务，跨越生命健康领域与人工智能的领域鸿沟，打破壁垒，促进AI与生命科学的深度交叉融合，加速科学发现。 为此，我们需要构建面向生命科学领域的人工智能基础设施、数据平台、核心算法引擎，支撑生命科学前沿研究任务。同时通过打造旗舰公开数据集，组织算法挑战竞赛，构建AI+生命科学的众智平台，培养跨界人才，构建产业生态。 AlphaFold2是AI+生命科学的一个典型成功案例。它的成功因素来自于两方面，首先，是任务的特殊性，蛋白质结构预测就可以看作从序列到三维结构的一个一一映射问题，因此它是一个well define的AI问题。这就是破壁计划的目标，要找到生命科学中意义重大，但同时又能抽象为适合AI的研究任务。第二，是模型的优越性。一方面，长时间的生命科学领域的研究积累了大规模的蛋白质结构数据，而AlphaFold2的整个模型架构则充分利用了数据驱动的端到端深度学习模型，大数据与深度模型的结合恰恰是第四范式的典型特点。因此，AlphaFold2带给我们的启示就是在AI+生命科学的研究中，要注重破壁和第四范式的重要性。 显然，AlphaFold2仅仅是一个开始，它的成功正在开启一个新的模式。蛋白质结构的精准预测为生命科学家提供了高效的计算工具，也为基于AI的重大生命科学发现提供了可能。未来，抗体、抗原的表位预测，肿瘤的精准疗法，TCR/个性化疫苗的设计与优化等方向将成为重要的研究热点，并在AI驱动的新计算模式下取得突破性进展，AI+大分子制药的黄金时代将正式到来。 其中，还会产生很多新的科学挑战，也预示着将产生新的计算范式，例如，干湿融合的闭环式计算框架。一方面人工智能模型通过高通量、多轮湿实验的闭环验证和数据补充将变得更为智能。另一方面，通过主动学习或强化学习的方式， AI将主动规划湿实验的自动化进行，形成干湿闭环验证、迭代加速生命科学发现与产业应用。我们预见到，通过干湿闭环打通，生命科学研究与生物医药产业将迎来新的研究范式与产业模式。 AIR目前在基因数据的表达和预测方面已经取得了一些初步进展。最近，由我们清华大学智能产业研究院（AIR）的兰艳艳教授带领GeneBert团队设计了一个新颖的基因预训练模型，通过构建序列与转录因子之间的二维矩阵，实现了一个多模态的基因预训练模型，获取了基因数据的有效表示，尤其是挖掘了非编码区的数据价值，在下游的启动子、转录子结合位点的预测，先天性巨结肠疾病的基因筛选任务上都大幅提高了性能。我们相信，类似预训练这样的前沿AI技术在基因数据上的持续深入应用，将进一步挖掘基因数据的价值，帮助我们破解人类的密码，在癌症的精准治疗等重要问题上发挥作用。 总结来看，我们认为，生物世界正处于数字化、自动化和智能科学计算的新变革中，用计算的方法，即人工智能和数据驱动的第四研究范式来辅助人们探索并解决生命健康的问题成为一个重要的研究方向。未来，需要学术界和产业界共同推动生命科学、生物医药、基因工程、个人健康各领域从孤立、开环向协同、闭环发展，实现更快速、更精准、更安全、更经济、更普惠的生命科学与生物医药创新，这代表着下个十年巨大的科学发展与产业创新的新机会。 我们热切呼吁更多的人来关注、支持或投身于这个新兴交叉学科的发展。 撰文排版 / 冼晓晴 校对责编 / 黄妍 阅读原文： 张亚勤：人工智能赋能生命科学——机遇与挑战 上一条：张亚勤：AI赋能绿色计算大有可为 下一条：AIR快讯｜清华华润人工智能与生命健康联合研究中心成立 【关闭】 相关新闻 马维英｜AI for Science 近日，清华大学惠妍讲席教授、智能产业研究院（AIR）首席科学家马维英发表演讲《AI for Science》。本次讲座围绕AI for Science整体介绍、科学场景中的生成式AI与大模型、AI for Science的应用、挑战与机遇三部分展开，从宏观的角度系统地定义了新科学，深入浅出地科普了生成式AI、大模型的最新进展，最后从实际应用出发介绍近年来清华大学智能产业研究院在多个AI for science领域中的科研成果，包括生物制药、化学化工、新材料... 2024/11/12 智慧引航｜对话图灵奖得主Martin Hellman教授 2024年10月24日，“AIR大师对话”第六期在清华大学智能产业研究院（AIR）图灵报告厅顺利举行。本次活动荣幸地邀请到图灵奖获得者、美国工程院院士、斯坦福大学电气工程名誉教授 Martin E. Hellman，就学术科研、职业发展、AI技术等话题进行了生动且深入浅出的分享。随后，AIR院长张亚勤院士主持炉边对话，与Hellman教授就今年诺奖花落AI、成功路径等话题展开精彩讨论，为观众带来无限启发。Hellman 教授首先分享了他从产业界（I... 2024/10/25 AIR快讯｜ AIR携手字节跳动成立可扩展大模型智能技术联合研究中心 近日，清华大学智能产业研究院（AIR）-字节跳动 “可扩展大模型智能技术联合研究中心 （SIA Lab）” 在AIR举行成立仪式。SIA Lab 聚焦预训练大语言模型技术，致力于发展更为通用与可扩展的智能系统，提升智能技术在互联网以及更多场景、更复杂任务中表现能力。中国工程院院士、清华大学讲席教授、AIR 院长张亚勤，清华大学科研院院长刘奕群，清华大学惠妍讲席教授、AIR首席科学家马维英，清华大学万国数据教授、AIR执行院长刘... 2024/10/14 最新动态 2024/11/12 马维英｜AI for Science 2024/10/25 智慧引航｜对话图灵奖得主Martin Hellman教授 2024/10/14 AIR快讯｜ AIR携手字节跳动成立可扩展大模型智能技术联合研究中心 2024/09/18 Yoshua Bengio、姚期智、张亚勤：AI安全是“全球公共产品”，全球合作刻不容缓 2024/08/28 AIR 快讯｜波士顿动力创始人 Marc Raibert 教授来AIR讲座 2024/08/13 祝贺！AIR两篇论文获评ICML 2024研讨会杰出论文奖 业务合作：airoffice@air.tsinghua.edu.cn招生招聘：airhr@air.tsinghua.edu.cn 联系电话：(010)82151160 办公地点：北京市海淀区清华科技园启迪科技大厦C座12层 官方微信 京ICP备15006448号 | 版权所有©清华大学智能产业研究院
人工智能生命科学研究院（香港）有限公司,http://ailsihk.com/cn,未知,2024-11-21 17:04:49,en-US,智能生命,google,人工智能生命科学研究院（香港）有限公司 公司简介 技术平台 管线介绍 团队介绍 联系我们 简体中文 English 繁體中文 利用人工智能来彻底改变药物发现的基本逻辑 公司简介 人工智能生命科学研究院（香港）是一家由生成式人工智能驱动的生物医药科技公司，我们通过自主研发的端到端的人工智能系统，将疾病生物学和药物化学紧密连接，利用深度生成模型等现代机器学习技术，从真实世界数据中挖掘全新靶点并设计具有高度创新性的分子，以解决未被满足的临床需求。 技术平台 在AILSI，我们将靶点识别、药物候选物筛选和先导化合物优化整合到一个强大的人工智能平台中，以加速候选药物分子的产生。利用AILSI的药物发现平台，基于深度学习模型，可以创建大量的多靶向分子，以满足成功进入临床开发所需的关键参数，加速开发进程。 管线介绍 我们目前正在全力推进内部研发管线，以满足癌症和与衰老相关疾病领域中迫切的医疗需求。我们领先的人工智能技术具备卓越的可扩展性，有潜力拓展我们的产品组合和平台，以造福全球患者。此外，我们积极与生物技术企业和研究机构合作，不断推动生命科学领域的创新前沿。 团队介绍 我们汇聚了来自世界顶尖大学、知名研究实验室以及跨国制药公司研发部门的精英团队。团队成员是创新药物发现、人工智能模型设计、 蛋白质工程等方面的专家，在相关领域拥有超过10年的培训和实践经验。 联系我们 为您提供专业问题解答、服务咨询一对一服务 公司地址 香港特别行政区沙田区新界沙田区科技大道西2号 联系邮箱 kenkoo@ailsihk.com © 2023 ailsihk.com 人工智能生命科学研究院（香港）有限公司. All rights reserved
人工智能驱动的生命科学研究新范式-A new paradigm of life science research driven by artificial intelligence,http://old2022.bulletin.cas.cn/zgkxyyk/ch/reader/view_abstract.aspx?file_no=20240107&flag=1,未知,2024-11-21 17:04:57,未知,智能生命,google,"人工智能驱动的生命科学研究新范式-A new paradigm of life science research driven by artificial intelligence 登录窗口 作者登录 审稿登录 编辑登录 读者登录 订阅 | 旧版入口 | English 首页期刊简介编委会作者投稿订阅指南联系我们过刊目录 期刊 网页 ### DOI:10.16418/j.issn.1000-3045.20231211001 中国科学院院刊:2024,39(1):50-58 查看/发表评论 过刊浏览 高级检索 HTML ←前一篇 | 后一篇→ 码上扫一扫！ 下载全文 人工智能驱动的生命科学研究新范式 李鑫1,2, 于汉超3 (1.中国科学院动物研究所 北京 100101;2.北京干细胞与再生医学研究院 北京 100101;3.中国科学院 前沿科学与教育局 北京 100864) A new paradigm of life science research driven by artificial intelligence LI Xin1,2, YU Hanchao3 (1.Institute of Zoology, Chinese Academy of Sciences, Beijing 100101, China;2.Beijing Institute for Stem Cell and Regenerative Medicine, Beijing 100101, China;3.Bureau of Frontier Sciences and Education, Chinese Academy of Sciences, Beijing 100864, China) 摘要 图/表 参考文献 相似文献 本文已被：浏览 1015次 下载 1401次投稿时间：2024-01-10 中文摘要: 生物技术和信息技术的迅速发展，使生命科学进入了数据爆发的新时代，传统生命科学研究范式难以在日益增长的生物大数据中揭示生命复杂系统的本质规律。随着人工智能（AI）在生命科学研究领域持续取得颠覆性突破，AI驱动的生命科学研究新范式呼之欲出。文章通过深入剖析AI驱动的生命科学研究的典型范例，提出了生命科学研究新范式的内涵和关键要素，阐述并讨论了新范式下的生命科学研究前沿和我国面临的挑战。 中文关键词: 科学研究 生命科学 人工智能 大数据 科学范式 Abstract:The rapid development of biotechnology and information technology has brought life sciences into a new era of data explosion. The traditional life science research paradigm struggles to reveal the fundamental rules of complex biological systems from rapidly growing biological big data. As artificial intelligence continues to achieve disruptive breakthroughs in life science, a new paradigm driven by AI is emerging. This study delves into typical examples of life science research driven by AI, proposes the concept and key elements of the new life science research paradigm, elaborates on the cutting-edge of life science research under this new paradigm, and discusses the challenges in China. keywords: scientific research life science artificial intelligence big data scientific paradigm 文章编号： 中图分类号： 文献标志码： 基金项目:中国科学院稳定支持基础研究领域青年团队计划（YSBR-076） 作者单位李鑫1,2 中国科学院动物研究所 北京 100101北京干细胞与再生医学研究院 北京 100101 于汉超3* 中国科学院 前沿科学与教育局 北京 100864 Author NameAffiliationLI Xin1,2 Institute of Zoology, Chinese Academy of Sciences, Beijing 100101, ChinaBeijing Institute for Stem Cell and Regenerative Medicine, Beijing 100101, China YU Hanchao3* Bureau of Frontier Sciences and Education, Chinese Academy of Sciences, Beijing 100864, China 引用文本： 李鑫,于汉超.人工智能驱动的生命科学研究新范式[J].中国科学院院刊,2024,39(1):50-58. LI Xin,YU Hanchao.A new paradigm of life science research driven by artificial intelligence[J].Bulletin of Chinese Academy of Sciences,2024,39(1):50-58. 参考文献(共20条):1 Wang H, Fu T, Du Y, et al. Scientific discovery in the age of artificial intelligence. Nature, 2023, 620:47-60.2 Erbe R, Gore J, Gemmill K, et al. The use of machine learning to discover regulatory networks controlling biological systems. Molecular Cell, 2022, 82(2):260-273.3 Jumper J, Evans R, Pritzel A, et al. Highly accurate protein structure prediction with AlphaFold. Nature, 2021, 596:583-589.4 Borkakoti N, Thornton J M. AlphaFold2 protein structure prediction:Implications for drug discovery. Current Opinion in Structural Biology, 2023, 78:102526.5 Huang J Y, Lin Q P, Fei H Y, et al. Discovery of deaminase functions by structure-based protein clustering. Cell, 2023, 186(15):3182-3195.e14.6 Madani A, Krause B, Greene E R, et al. Large language models generate functional protein sequences across diverse families. Nature Biotechnology, 2023, 41(8):1099-1106.7 Yang X D, Liu G L, Feng G H, et al. GeneCompass:Deciphering universal gene regulatory mechanisms with knowledge-informed cross-species foundation model. (2023- 09-28). https://www.biorxiv.org/content/10.1101/2023.09.26.559542v1.8 Cui H T, Wang C, Maan H, et al. scGPT:Towards building a foundation model for single-cell multi-omics using generative AI. (2023-05-01). https://www.biorxiv.org/content/10.1101/2023.04.30.538439v1.9 Theodoris C V, Xiao L, Chopra A, et al. Transfer learning enables predictions in network biology. Nature, 2023, 618:616-624.10 Hao M S, Gong J, Zeng X, et al. Large scale foundation model on single-cell transcriptomics. (2023-05-31). https://www.biorxiv.org/content/10.1101/2023.05.29.542705v1.11 Singhal K, Azizi S, Tu T, et al. Large language models encode clinical knowledge. Nature, 2023, 620:172-180.12 Moor M, Banerjee O, Abad Z S H, et al. Foundation models for generalist medical artificial intelligence. Nature, 2023, 616:259-265.13 Li C Y, Wong C, Zhang S, et al. LLaVA-med:Training a large language-and-vision assistant for biomedicine in one day. (2023-06-02). https://arxiv.org/abs/2306.00890.14 Alber M, Buganza Tepole A, Cannon W R, et al. Integrating machine learning and multiscale modeling-perspectives, challenges, and opportunities in the biological, biomedical, and behavioral sciences. NPJ Digital Medicine, 2019, 2:115.15 Jansen R, Yu H Y, Greenbaum D, et al. A Bayesian networks approach for predicting protein-protein interactions from genomic data. Science, 2003, 302:449-453.16 Wu Y F, Gao M, Zeng M, et al. BridgeDPI:A novel Graph Neural Network for predicting drug-protein interactions. Bioinformatics, 2022, 38(9):2571-2578.17 Gan Y L, Hu X, Zou G B, et al. Inferring gene regulatory networks from single-cell transcriptomic data using bidirectional RNN. Frontiers in Oncology, 2022, 12:899825.18 Lutz I D, Wang S Z, Norn C, et al. Top-down design of protein architectures with reinforcement learning. Science, 2023, 380:266-273.19 Watson J L, Juergens D, Bennett N R, et al. De novo design of protein structure and function with RFdiffusion. Nature, 2023, 620:1089-1100.20 Kermany D S, Goldbaum, Cai, W.M. & Leveraging big data and AI in medical diagnosis.[2023-12-30]. https://www.nature.com/articles/d42473-022-00035-y. 相似文献(共20条):[1] 王飞跃,缪青海.人工智能驱动的科学研究新范式：从AI4S到智能科学[J].中国科学院院刊,2023,38(4):536-540.[2] 梁娜,曾燕.推进数据密集科学发现 提升科技创新能力：新模式、新方法、新挑战——《第四范式：数据密集型科学发现》译著出版[J].中国科学院院刊,2013(1):115-121.[3] 张先恩.世界生命科学格局中的中国[J].中国科学院院刊,2022,37(5):622-635.[4] 中国科学院微生物研究所微生物资源与大数据中心[J].中国科学院院刊[5] 刘晓,王跃,毛开云,范月蕾,陶诚,陈大明.生物技术与信息技术的融合发展[J].中国科学院院刊,2020,35(1):34-42.[6] 包云岗,刘淼,陆品燕,邱锡鹏,须江.关于信息技术驱动未来产业的若干思考[J].中国科学院院刊,2023,38(5):766-772.[7] 张国庆,李亦学,王泽峰,赵国屏.生物医学大数据发展的新挑战与趋势[J].中国科学院院刊,2018,33(8):853-860.[8] 汪洋,陈枢舒,魏鑫,孔丽华,洪学海,廖方宇.生物技术启发下的信息技术革新[J].中国科学院院刊,2020,35(1):43-51.[9] 趋势观察：全球人口健康领域热点趋势[J].中国科学院院刊[10] 洪永淼,汪寿阳.人工智能新近发展及其对经济学研究范式的影响[J].中国科学院院刊,2023,38(3):353-357.[11] 陈凯华,冯卓,康瑾,杨捷.我国未来产业科技发展战略选择[J].中国科学院院刊,2023,38(10):1459-1467.[12] 王璞玥,唐鸿志,吴震州,孟庆峰,杨正宗,杜生明,冯雪莲.“合成生物学”研究前沿与发展趋势[J].中国科学基金,2018(5).[13] 大数据时代的科学知识共生产：内涵、特征与争议.大数据时代的科学知识共生产：内涵、特征与争议[J].科学学研究,2022,40(3):393-400.[14] 彭苏元,张腊,杨超,武之越,王福琳,周亮,刘旭生,张路霞.健康数据科学驱动的中西医融合研究[J].中国科学基金,2023(1):85-91.[15] 刘峥,余明阳,陈思静,郑兴有.中小型生鲜电商企业商业模式创新及评价体系研究[J].科技管理研究,2019(11).[16] 人工智能企业何以实现颠覆性创新?——基于扎根理论的探索[J].科学学研究[17] 黄河流域人地系统研究的大数据支撑与方法探索[J].中国科学基金[18] 陈露,张思拓,俞凯.跨模态语言大模型：进展及展望[J].中国科学基金,2023(5):776-785.[19] 钱锋,董毅敏,张铁明,乔晓东,周志颖,王杨,索晓灿,史庆成,梁琥,陆文娟.元宇宙多模态、跨模态内容时代的科技出版理论探讨与实践研究[J].中国科技期刊研究,2023(7):902-908.[20] 赵剑波.推动新一代信息技术与实体经济融合发展:基于智能制造视角[J].科学学与科学技术管理,2020,41(3):3-16. 您是第32380099位访问者！ 1996-2021 中国科学院版本所有 备案序号: 京ICP备05002857 地址：北京三里河路52号 邮编 100864 Email:bulletin@cashq.ac.cn 技术支持：北京勤云科技发展有限公司"
从一年的生命科学研究中学到的5条人工智能经验 | 奥林巴斯生物显微镜,https://www.olympus-lifescience.com/zh/discovery/5-lessons-on-artificial-intelligence-from-a-year-of-life-science-research/,未知,2024-11-21 17:05:24,zh-CN,智能生命,google,"从一年的生命科学研究中学到的5条人工智能经验 | 奥林巴斯生物显微镜 <style xmlns="""" type=""text/css""></style> 联系我们联系我们产品应用博客资料下载显微课堂技术支持ShopCareersWhat is EVIDENT?查找Shopping CartEnglish (English) | 日本語 (Japanese) | français (French) | 简体中文 (Simplified Chinese) | Deutsch (German) | Español (Spanish) | português (Portuguese) | 한국어 (Korean)Life Science Solutions博客文章主页/ 博客从一年的生命科学研究中学到的5条人工智能经验作者 MikeWoerdemann博士 - 2020年 10月 21日一年前，我们将TruAI技术（基于深度神经网络的图像分析方法）引入诸如cellSens成像软件和scanR高内涵筛选系统等受到普遍欢迎的生命科学解决方案中。现在，我们非常高兴与您分享在使用人工智能（AI）进行生命科学研究的一年所学到的一些知识。2020年1月在欧洲分子生物学实验室（EMBL）举办的奥林巴斯scanR深度学习用户研讨会一瞥。以下为一些人工智能的课程，是研究项目得以成功的关键： 1.如果您可以看到，那么TruAI技术就可以看到。 尽管需要一定的经验才能可靠的判断出哪些分析问题使用TruAI技术能够解决，哪些问题可能需要使用其他工具，但经验法则非常简单。如果研究人员可以发现图像中某些感兴趣的部分，那么TruAI技术也可以发现它。这适用于诸如查找所有细胞或细胞核或所有某种类型组织之类的简单任务。对于更高级的任务（如区分不同类别的细胞、细胞状态或组织类型）也是如此。在最佳条件下，TruAI技术甚至可以通过分割或区分达到人眼检测限的目标而胜出一筹。专用TruAI分析模型可以处理的各种图像分割任务。 2.简单的成像问题需要简单的解决方案。 TruAI技术相对容易解决的图像分析任务仅需要简单的准备步骤。比如在使用同一显微镜采集的明场图像中检测有丝分裂细胞就是您可能遇到的简单问题示例。在这种情况下，由于样品制备标准化，因此图像的质量变化不大。也可考虑下面这个例子：大多数具有清晰可见特征的荧光图像均需要对多个图像进行简单的手动标记（即，多个视场）。这些足够多的示例可以让TruAI技术用以训练可立即应用于所有新图像的良好分析模型。Olympus’ AI驱动软件简单直观的用户界面有助于对示例图像进行高效率的标记，从而让训练能够快速开始。实际上，在几分钟内就可以为训练建立新的分析。在快速训练期间，内部优化（如归一化和数据扩充）有助于确保训练对所提供的示例进行优化利用。最终结果就是获得标签工作量很小的强大AI模型。使用TruAI技术预测有丝分裂细胞（绿色）。您可以在我们的资源使用基于深度学习的TruAI技术执行准确高效的显微镜图像分析中找到相关应用。 3.具有挑战性的成像问题需要高级解决方案。 微观世界非常复杂，显微镜图像也是如此。来自不同培养阶段、不同的样品来源、不同的样品载体或不同显微镜的图像在图像特征方面可能千变万化。例如，背景、对比度、融合度、标记和亮度的变化均会给定量分析带来挑战。那么，怎样才能让TruAI分析对于图像数据中所有这些语境中（real-word ）变化均具备稳健性？答案：在分析模型的训练中包括各种条件的示例。借助其自学显微镜工具集，我们的AI驱动软件提供了一种可以轻松训练具有出色泛化特性极其强大模型的高效方法。以下为一些示例性应用：使用TruAI技术预测小鼠肾脏切片上的肾小球位置。出色的稳健性：即使将明场条件故意设置为最差情形，也能够可靠检测明场中的细胞。我们也建议您查阅我们近期的应用指南， 使用自学显微镜的scanR TruAI进行无标签迁移分析。 4.数据越多（几乎）总是越好。 TruAI技术使用的基础神经网络学习能力非常强大。也就是说其可以使用大量示例，并且任何添加的数据均会让经过训练后的模型比以前更出色。因此，如果您使用经过训练的分析模型时遇到问题或局限性，那么对其进行改善的方法几乎总可以归结到一点：为训练提供更多的数据示例。如果所提供的示例由人类专家标记，那么软件会自动扩充数据，从而让每个标记的对象都可以为训练提供多个示例。自学工作流几乎无需费力就可以将更多样品包括在训练之中，最终将分析模型的灵敏度和特异性提高到以前未有的水平。显示神经网络训练的示意图。 5.验证是信任的关键。 任何神经网络都是一个黑箱。这意味着我们通过示例进行训练，其就可以通过学习获得出色的分析结果。问题在于我们无法准确知道网络使用哪些信息提供结果。科学媒体和文献中的一个众所周知的事实是，如果盲目相信结果，这种不确定性就可能导致意想不到的结果。在任何AI分析中确立信任的关键在于验证。当在诸如查找图像中所有细胞的简单应用中出现分割错误时就会变得显而易见，而在先进自动化分析中，答案可能更为微妙。为此，我们创建了一个全面的工具集用于验证经过训练的TruAI模型。在训练期间，数据拆分有助于确保自动针对干净数据（即未用于训练自身的数据）测试结果的质量。对于高度可信的分析而言，更重要的是对各种测试数据进行独立的测试和验证。所提供的工具可支持轻松高效地对预测置信度进行有效的深入分析，并支持对大型数据集进行假阳性/假阴性分析。在各种超低光照水平下对TruAI DNA染色细胞周期分析的验证清晰展示了置信限。 相关内容 利用基于深度学习的TruAI技术实现准确、高效的显微图像分析用于超低曝光量荧光细胞定量分析的TruAI深度学习技术用于在微孔板上进行稳健、无标记细胞核检测和分割的TruAI深度学习技术 MikeWoerdemann博士EVIDENT欧洲专业技术中心产品经理Mike Woerdemann在基于结构光场的光学镊子专业技术领域获得了博士学位。多年以来，他曾担任应用专员为高内涵筛选系统提供支持，在此期间，他在该领域获得了深刻、实用的知识。现在，Mike担任EVIDENT欧洲专业技术中心高内涵筛选站和成熟深度学习产品的产品经理。2020年10月21日Sorry, this page is not available in your countrySubscribe to the Discovery Blog Subscribe to the Discovery Blog 分享 Popular Topics FV3000 Laser Scanning Microscopes Color Cameras Objectives University Research Neuroscience Clinical Research Cell Culture Cancer Research OEM Components Multiphoton Microscopes Inverted Microscopes Optics Whole Slide Imaging Whole Slide Scanner vs200 microscopy imaging Artificial Intelligence Confocal Microscopes Image Instagram competition cellSens deep-learning software ioty interview How-To Guide TruAI FV4000 作者 Enrico Poege显示所有作者 Discovery Blog Sign-up Clinical MicroscopesLife Science Microscopes Division Company 名字 * 姓氏 * 电子邮箱 *By clicking subscribe you are agreeing to our privacy policy which can be found here. 对不起，此内容在您的国家不适用。 打印 Copyright EVIDENT, All rights reserved. 使用条款 | 隐私声明 | Cookies | Cookie Settings | Imprint Copyright EVIDENT, All rights reserved. 使用条款 | 隐私声明 | Cookies | Cookie Settings | CareersYoutubeLinkedInFacebookInstagramCancel<p><iframe src=""https://www.googletagmanager.com/ns.html?id=GTM-PXVG489"" height=""0"" width=""0"" style=""display:none;visibility:hidden""></iframe></p> 正在转换网站 您即将被转换到我们的本地网站。<div class=""noscript-alert"">Attention: Please enable JavaScript</div> Sorry, this page is not available in your country We would like to use CookiesTo provide an optimal experience, we would like to use Cookies. This allows us to track the use of our websites and social media, facilitate their functionality and optimize content. We would also like to use cookies which enable us to display adverts in a browser and in social media which we consider interesting for users; to do so, social media providers will also receive data collected via these cookies. Please click ""Cookie Settings"" for additional information and to manage your preferences. Click “Accept” if you agree to our use of all cookies or “Reject” if you only agree to necessary cookies. More Information is provided in our Cookie-Policy.Cookies Settings Reject All Accept All Cookies"
第49期：人工智能会发展成为另一种生命吗--中国数字科技馆,https://www.cdstm.cn/gallery/myksj/202111/t20211103_1058656.html,未知,2024-11-21 17:08:12,zh-cn,智能生命,google,"第49期：人工智能会发展成为另一种生命吗--中国数字科技馆 资讯 专题 科技热点 媒体视点 科技博览 科技知道 环球科学 馆窥天下 媒眼看世界 活动 线上活动 线下活动 科技馆 中国科技馆 科普联盟 博物馆荟萃 科普服务 展品荟萃 科技馆课堂 兴趣圈 科幻世界 儿童乐园 你好星空 农业天地 音视频 音频 视频 游戏 自然科学 宇宙探索 益智乐园 防灾自救 虚拟生活 工程技术 动手实验 虚拟现实 漫游科技馆 移动VR VR项目申请 直播 正在直播 直播预告 直播回顾 知识库 文库 图片库 下载中心 登录 注册 +7 登录 导航 首页 资讯 专题 活动 科技馆 兴趣圈 音视频 游戏 虚拟现实 直播 知识库 专题 科技热点 媒体视点 科技博览 科技知道 环球科学 馆窥天下 媒眼看世界 活动 线上活动 线下活动 科技馆 中国科技馆 科普联盟 博物馆荟萃 科普服务 展品荟萃 科技馆课堂 兴趣圈 科幻世界 儿童乐园 你好星空 农业天地 音视频 音频 视频 游戏 自然科学 宇宙探索 益智乐园 防灾自救 虚拟生活 工程技术 动手实验 虚拟现实 漫游科技馆 移动VR VR项目申请 直播 正在直播 直播预告 直播回顾 知识库 文库 图片库 下载中心 搜索 取消 热门搜索 人工智能 阿尔法狗 天气 兴趣圈 音视频 开开小屋 首页 看一看 听一听 玩一玩 做一做 读一读 活动 首页 > 专题 > 媒眼看世界 第49期：人工智能会发展成为另一种生命吗 <a href=""../202109/t20210918_1056088.html"">第48期：多发性硬化症为何难治</a> 0:00/0:00 最新发布时间： 2021-11-04 浏览数： 分享到： × 分享到微信朋友圈 打开微信，点击底部的“发现”，使用“扫一扫”即可将网页分享至朋友圈。 本专栏面向科普工作者和社会公众常年征稿（点击“投稿说明”查看详情），征稿邮箱：zhaozheng@cstm.org.cn。 近期上映的电影《失控玩家》讲述了一位银行职员在日复一日的枯燥生活里偶然发现自己竟是一个大型网络游戏的NPC（游戏里非真实玩家控制的角色），由此展开了一场魔幻冒险之旅，即将毁灭的虚拟世界只能由他自己来拯救。 这部电影别出心裁地选用NPC视角讲述，从而巧妙引出了AI（人工智能）这一概念，对于电脑游戏中的NPC来说，其本质就是一段代码，而正是这个毫不起眼的NPC，却在影片中逐步进化成为AI生命。 这不禁让人想到近几年热度持续攀升的人工智能话题。从2016年3月Alphago（一款围棋人工智能程序）打败人类围棋选手李世石开始，到2017年5月再度打败当时四十个月蝉联全球围棋第一的柯洁，人工智能这个概念横空出世般进入了大众的视野。人们开始意识到，人工智能似乎已经不仅仅是科幻小说、影视作品里的一个概念，而是一个触手可及的未来。 其实人工智能领域的研究最早可以追溯到1950年，被称作人工智能之父的图灵提出了著名的“图灵测试”，该方法生动形象地给人们指明了如何定义人工智能以及发展方向。这之后人工智能领域便进入了发育期，逐步在机器学习、模式识别等领域取得了突破性的成果。 这期间的一个里程碑事件便是1969年国际成立了人工智能联合会议（International Joint Conference on Artificial Intelligence，简称为IJCAI），这标志着世界广泛认可了人工智能这一科研领域。在随后的1970年，第一本关于人工智能的期刊问世，那就是《artificial intelligence journals》（《人工智能》），这为该领域的专家们提供了交流的平台。 一切似乎都在欣欣向荣地发展着，可惜受限于当时的硬件水平以及科研人员对于人工智能领域相关项目的难度预估不足，从20世纪70年代开始，该领域相关项目纷纷陷入瓶颈，最终走向失败。一时间全世界都在唱衰人工智能，科研人员面临着巨大的压力，大量科研经费流转向别的研究领域，人工智能一时间陷入了泥沼之中。 直到20世纪90年代，随着硬件技术水平的提升，机器学习和相关算法迅速发展，人工智能再次回到了人们的视野，许多科技巨头公司纷纷加入该领域的研究，谷歌公司研究的无人驾驶汽车和Alphago就是著名案例。 如今，人工智能已经在多个领域得到了应用，如最近两年因无人驾驶功能而处在“聚光灯”下的新能源汽车，无论是特斯拉基于视觉系统的自动驾驶，还是其他厂商基于雷达的自动驾驶，都离不开人工智能对于接收到的路况信息的分析能力。虽然当前的无人驾驶还达不到完全脱离驾驶员关注的程度，只能称之为自动辅助驾驶，但是其驾驶形态已经可以窥见未来完全自主的无人驾驶是何等的样貌了。 除无人驾驶功能外，精准识别语音指令并做出如导航、开关窗、调节空调、查询信息等操作的汽车助手，碰撞预警、自动车灯等人工智能功能，也越来越多出现在新能源汽车中。 未来，科幻影视作品中的场景也许真的会出现。机器不只是机器，而是包含了人类思维的智能化朋友；游戏里的NPC也不再只是单纯按照设定死板念台词的“木偶”，而是可以根据场景做出不同反应，甚至还拥有感情的人工智能生命。 但这也引发了“如何与人工智能相处”的深刻问题。当技术不受控地飞速发展，电影《人工智能》中人类粗暴销毁废弃机器人的场景是否会重现？拥有人类情感的机器人，我们是否能简单地以物品来看待？《失控玩家》中一个个具有真实生命力的NPC可以真的像一段代码那般任由人类删除吗？ 影片结尾，导演给出了自己的答案：影片中的主角NPC在完成冒险之旅后，成功拯救了自己所处的世界，并在一个全新的数字世界和人类玩家和谐共处。这一结局似乎也预示着未来某种社会文明的新形态：具有人类感情的人工智能，不仅是社会发展的助力工具，更是另一种意义上的生命。 （作者：刘昊 中国科技馆网络科普部工程师） （专栏编辑：赵铮 李竞萌） （本文转载自：《科普时报》2021-10-29（第2版）“媒眼看世界”栏目） 关于我们 网站声明 官方微博 站点地图 京ICP备11000850号 京公网安备110105007388号 信息网络传播视听节目许可证0111611号 国家科技基础条件平台 © 2011-2021 版权所有：中国数字科技馆 未经书面许可任何人不得复制或镜像 普通登录手机动态密码登录 忘记密码？ 登录 没有账号？立即注册 发送动态密码 登录 没有账号？立即注册 第三方账号登录 loading 手机号码/注册邮箱/注册 发送验证码 我已阅读并同意《中国数字科技馆网站会员注册协议》 注册 已有账号，登录 我已阅读并同意《中国数字科技馆网站会员注册协议》 注册 已有账号，登录 第三方账号登录 恭喜您完成注册！ 尊敬的用户，您已成功注册“中国数字科技馆”账号，请立即登录！ 立即登录 注册失败！ 尊敬的用户，您未能注册“中国数字科技馆”账号，请重新注册！ 重新注册 loading ©2011-2021 版权所有：中国数字科技馆 未经书面许可任何人不得复制或镜像 京ICP备11000850号 京公网安备110105007388号 信息网络传播视听节目许可证0111611号 国家科技基础条件平台 电影《失控玩家》别出心裁地选用NPC视角讲述，从而巧妙引出了AI这一概念，并且引发了人们对“如何与人工智能相处”的深刻思考。 <img src=""https://d5nxst8fruw4z.cloudfront.net/atrk.gif?account=5BDMm1a4KM+2WR"" style=""display:none"" height=""1"" width=""1"" alt="""" />"
 AI是生命-萃嶺网 ,https://cuilingmag.com/article/ai-is-life,未知,2024-11-21 17:08:16,zh-CN,智能生命,google,AI是生命-萃嶺网 首页 哲学 · 文明 艺术 · 科技 未来 · 生命 行星智慧 数字治理 Noema精选 哲学 · 文明 艺术 · 科技 未来 · 生命 行星智慧 数字治理 Noema精选 热门搜索 行星智慧 Noema精选 艺术·科技 搜索榜单 # 热门搜索 # 行星智慧 Noema精选 艺术·科技 Sanchit Sawaria for Noema Magazine AI是生命 技术不以人工手段取代生命，它就是生命。 Sanchit Sawaria for Noema Magazine 萨拉·沃克Sara Walker 天体生物学家和理论物理学家，科学基本科学概念超越中心（the Beyond Center for Fundamental Concepts in Science）副主任，亚利桑那州立大学地球和空间探索学院教授，圣菲研究所（Santa Fe Institute）外聘研究员，博古睿学者。 2024-03-20 阅读时长14分钟 #Noema精选 NOEMA 1924年8月底，火星与地球的轨道将这两颗姐妹行星送至约一个世纪以来的最近距离。此事激起全美国人民的热情。《纽约时报》刊文预测天文学家“有望一劳永逸地解决火星是否有栖居者的问题”。政府要求在两颗行星彼此最近的日子里，全国每小时整点实施五分钟的全面无线电静默，希望借此提高探测到火星人广播信号的可能性。没有电讯传来。只要向群星中可能存在的世界望去，我们就会希望并假设上面有生命。第一批火星的图像显示，那里没有生命存在的迹象。人们为此失望，深受打击。自那以后，我们几十年来已经习惯其他贫瘠世界的画面。但是，如果那里真的存在生命，我们能认出它们吗？即使在生机盎然的地球，我们还不能辨认出这里的所有生命。在人类漫长的历史中，大部分时间我们都没有意识到在所有事物的表面，甚至在我们体内，无数细菌在经历着生与死。到16世纪末，显微镜技术的革新，让我们终于看到充满生命的微观世界。我们最初得到的病毒指征是它们引起的神秘传染病模式，但到19世纪晚期才证实其存在。我们现在知道海底幽暗深处的热液喷口附近存在繁荣的生态系统。但直到20世纪下半叶，能够承受巨大深海压力的潜艇出现，我们才得以近距离观察它们。“定义生命的诸多尝试，迄今未有成功，因为它们专注于从个体而不是进化谱系的角度来容纳生命的概念。”发现新形式的生命需要新的技术，以使我们以新的方式感知和探索世界。但是我们从来不认为这些技术本身就是生命。微生物是生命，显微镜当然不是。但这就对吗？技术和生命之间有什么区别呢？现在两者的界限渐趋模糊，如大型语言模型等AI技术，外形似怪异人类或行为与动物难区分的机器人，还有由生物部件构成的计算机。一个机器智能到足以取代生物生命的世界，宛如噩梦。但是，怀着这种对技术人工性（artificiality）的恐惧，就会错失技术在生物世界进化轨迹中深远的潜在作用。复杂的（技术）物体不会在宇宙中自发出现，尽管受欢迎的民间传说与此相反。细胞、狗、树、计算机以及你和我，都需要沿着谱系进化和自然选择，从而产生存在所必需的信息。甚至在地球岩石中也能明显看到这一点：例如，矿物多样性通过生物矿化过程与生命共同演进——生物体产生矿物质，以强化外壳或骨骼或实现其他目标。全世界地层岩石中确实包含生命史的化石遗迹，因为生命已经显著地改变了地圈。为此，我们估计无生命的世界拥有与地球不同的成分，那里的非生命物质也与地球不同。很多人不会承认矿物多样性是“生命”，就像我们不会承认你正阅读的这篇文章所在的电脑屏幕或杂志是“生命”，但这些都是只在地球上发生的一系列进化事件的产物。在这个意义上，乌鸦和ChatGPT等大型语言模型亦是如此。两者都是数十亿年选择性适应的产物：没有恐龙以及翅膀和羽毛的进化，乌鸦不会存在；没有人类谱系和猿类的趋异进化，以及人类在这过程中发展出语言，ChatGPT就不会存在。定义生命的诸多尝试，迄今未有成功，因为它们专注于从个体而不是进化谱系的角度来容纳生命的概念。总是有一些事物不适当地被包括或排除在“生命”的范畴之外。如果你以生命的自我繁殖或自我维系持为界限，病毒或寄生虫就被排除在外。（正因为如此，病毒经常被认为是边缘生命的一个案例。）如果你根据能量消耗来划定界限，火当然也符合条件。其他定义面临类似的问题。一个NASA工作组首倡的定义流传较广，即“生命是能够自我维系，且能够达尔文进化的化学系统。”——乍听这个定义似乎中规中矩。但是若从概念上作进一步审视，它就面临同样的陷阱，即只有全体会进化，个体不会。它提出了一个问题，而不是提供一个答案：所有生命都必须依靠化学反应才能存在吗？“技术就像生物，没有进化就不能存在。技术不是以人工手段取代生命，它本身就是生命。”且不管这些迂回曲折的争论，我们需要超越对所有事物的二分法思维，承认并非只有“生命”和“非生命”之别。在对我们“生命”（借用通俗的称呼）现象的深层结构有所了解之前，我们不应该排除基于关于何为生命的素朴假设之上的例子。试想运动性质的发现。物理学家在讨论运动时，并不太关注各种运动物体的细节。在计算物体如何在空间中移动时，颜色、大小、质地、年龄等都不重要。我们只关心质量、位置和速度（加上导数）。认识到可用几个可观察量描述运动物体，是人类在概念上的一个巨大飞跃。如艾萨克·阿西莫夫（Isaac Asimov）所说：“我们都知道，我们会下落。牛顿的发现是月亮也会下落，而且下落规律和我们一样。”无论是在地球还是在可观测得到的宇宙，所有的运动都可用同样方式描述。这个发现，这个抽象描述运动的定律的形成，统一了地球和太空上的运动。在对运动的理解达到一定深度和抽象水平之前，我们不知道太空和地球是否受同样的规律支配。正如我们古老的祖先不可能期望支配地球上所有运动的规律也适用太空，生命背后的深层抽象概念不一定符合我们当前的期望。虽然在许多例子中可以观察到生命的诸多特征，如复制或新陈代谢，但是它们并不完全适用于万物——每个特征都有例外。在寻找解释生命的深层抽象数学框架的过程中，我们在寻找我们期望宇宙所有生命应共享的特征，无论这生命是在地球上，还是在我们可观察到的宇宙。一旦我们总结出运动的普遍定律，我们就能够预测尚未观察到的运动物体的特性。同样，如果我们确定了“有关生命的定律”，我们应该能够预测外星生命的特性。就像运动一样，我们需要忽略许多细节，以获得对生命更普遍、更深刻的理解。技术进化根据我们最佳的估测，这颗行星上生命出现时间是大约38亿年前。今天的生物体是信息谱系的一部分，可以通过基因组追溯到最早的生命。但是进化创造的信息不仅是基因组。进化创造了我们周围的一切，包括传统上不被认为是“生命”的东西。没有人类，人类技术就不存在。因此，技术是随生命的出现而出现的同一古老信息谱系的一部分。技术就像生物，没有进化就不存在。技术不是以人工手段取代生命，它本身就是生命。这里很有必要把“生命”（life）和“活着”（alive）区分开来。我说的“生命”，是指所有只能通过进化和选择过程在我们的宇宙中产生的物体。相比之下，“活着”是进化和选择动力学的主动实施。一些物体——譬如死猫——代表着“生命”（因为它们只是通过进化才出现在宇宙中），而其自身不再“活着”。因此，要理解生命，可能需要我们统一生物和技术，就像在解释运动时统一太空和地球。技术的规范定义是将科学知识转化为实际应用。从历史上看，在哲学和技术交叉的地方，目标一直是用旧的哲学思想来理解新技术。然而，正如心灵哲学家大卫·查尔莫斯（David Chalmers）所说，在技术哲学领域，这种逻辑可以颠倒过来：技术可以作为审视旧哲学问题的新眼光。我们还可以试问，如果从更广泛的、非人类中心的角度看待技术的构成，以及如何利用这一点再研究哲学和生物学的老问题，可能会获得哪些新的见解。技术依赖于科学知识，但科学知识本身是在生物圈中的信息。它使某些事物成为可能，同时没它，此类事物则不可能。“要理解生命，可能需要我们统一生物和技术，就像在解释运动时统一太空和地球。”譬如卫星。若是牛顿没有发现万有引力定律，我们就不可能将卫星发射到太空。若是数个世纪前人类没能理解几何数学，或者没有制造出能让我们精确到秒的计时装置，牛顿就不可能发现这些定律。当然，如果生物圈没有进化出能够提出这些抽象概念的生命体，这一切都不会发生。一旦万有引力定律的知识被编码进我们生物圈，就有可能发明新技术，包括卫星。死寂世界或只有微生物生命的世界无法发射卫星。卫星需要更长时间的信息获取进化轨迹。你可以在我们物种历史中追溯这种谱系，但可能一直追溯到地球生命的起源。从最广泛的意义上来说，技术是知识（历时选择性留下的信息）的应用，它使得某些事情成为可能，且在不拥有此类知识的情况下不可能。实际上，技术从经筛选而存在的事物中产生。在可能的未来中，它们也在选择并构建未来。试想强大的碳去除技术，它不仅可以改变人类的未来进化轨迹，还可以改变地球上大量物种的未来进化轨迹。我们习惯于认为技术是人类独有的，其实如果以更宽泛的定义论，在生物领域也不乏关于技术的例子。就像生命体可能包括铅笔和卫星，技术也可能包括翅膀和DNA的翻译。光合体系I和II是在植物及其他光合作用产生的生物中发现的多蛋白复合物。它们收集光子，利用光能催化反应。作为进化创新，这些技术在大约25亿年前的“大氧化事件”中从根本上改变了地球的气候。当时蓝绿藻（cyanobacteria）产生大量氧气，为形成有利于多细胞生命生长的环境创造条件。当我们开发技术时，人们可能想要区分生物进化和人类的意向性。毕竟，软件开发者和公司选择开发技术的方式，不同于乌鸦进化用于飞行的翅膀。但是，两者从根本上都依赖相同的选择原则。可以说，人类的这种选择比生物种群的自然选择要有效得多。它更有针对性，其之所以可能，因为我们自己已是数十亿年形成的结构。我们是进化提炼过的各种可能性的产物，体现了我们之所以而存在的历史。支配我们如何选择创造何种产品的物理过程，可能与我们如何被进化选择的物理过程没什么不同（除了直接程度）。毕竟，我们是让我们得以存在的物理过程的一种证明。生物创新是技术大约38亿年前，我们星球上一些最古老的技术被发明出来。其中之一就是DNA翻译中的化学特性。翻译允许细胞翻译系统读取储存在DNA序列中的信息，产生特定的蛋白质序列。一种被所有生物使用的通用代码（核碱基序列的数字编码）已经进化出来，并允许一种生物的基因与另一种生物共享，保留其意义。这项技术如此强大，已经持续存在了近40亿年，目前是这个星球上几乎所有生物的一部分。人类发明的任何技术都不可以持续那么久——虽说我们开始理解人类本身，但有些力量可以。生物圈远早于人类就发明了许多技术。数十亿年来，视觉和听觉的创新，还有其他许多创新，都是进化和选择的结果。我们不知道生命最初出现时地球的真正模样。事实上，那时没有生命。那时没有活物能看见东西。光感受器（photon receptor）以及最终眼睛的进化依赖于其他许多创新，而这些创新经过漫长的时间由单细胞生物完成。哺乳动物等多细胞生物的视觉依赖约70种不同的特化细胞，进一步推进了视觉技术的发展，不过这一切建立在此前的进化基础之上。螳螂虾进化出可能最为复杂的多细胞眼睛，它拥有独立移动的复眼，多达16个颜色感受器（人类眼睛有三个）。地球的生命史不断涌现出更新、更优秀的生命体。它们都在此前的基础上进行技术创新，这一过程可以追溯到古代生命的深层历史。生命的一个关键特征是进化的偶然性（evolutionary contingency）：新物体出现，只是因为有漫长历史为它们的出现创造条件。不可能在具有光感受器的细胞出现之前进化出多细胞眼睛，就像不可能在人类语言出现之前进化出ChatGPT。两者都依赖于进化技术谱系中的积累。我们现在拥有及产生的技术，是我们行星上信息传播和构建物质的同一古老信息链的一部分。这种跨越时间的信息结构随着地球生命的出现而出现。我们是谱系，不是个体。“我们现在拥有及产生的技术，是我们行星上信息传播和构建物质的同一古老信息链的一部分。”因此，人类的技术与这个行星38亿年生命史上产生的其他创新并无太大区别，不过前者是我们进化的未来，而不是我们的过去。多细胞生物进化出视觉，而人类这一“多社会聚合体”（姑且称之）进化出显微镜和望远镜，我们因此有望洞察宇宙的最小和最大尺度。生命观察生命。所有创新都是基于对过去物体的反复试错、选择和进化。智能在现代技术中的作用越发重要，但这在意料之中——智能本身通过进化而完善。它产生更复杂的系统——包括细胞、人类等多细胞聚合体、社会、AI等，还有现在行星规模上互动的跨国公司及团体等多社会聚合体。我们在讨论所谓“AI”时，如大型语言模型、计算机视觉、自动化设备以及机器人等，经常脱离了进化背景。但我们今天发明的技术相当于生命创新的重演，又形成了新的基底，这些技术促使智能生命在新的行星规模上出现。孤立环境下无“智能”，只有复杂技术生态系统与生物学相互作用，才能孕育新的能力。首先是有光感受器的细胞，然后是眼睛，再是显微镜和望远镜。现在，我们正处于从生物到技术的又一个转变之中：我们使用算法解释数据，为我们“看”世界。这种方式有点类似大脑必须共同进化，以处理眼睛收集的信息。我们要思考的是另一项历经数十亿年进化而来的创新，它现在只是在比人类大脑更大的规模上重演。我们需要开发相应技术，处理我们接收和产生的大量数据，这样我们就可以从行星高度“看”世界。计算技术最早出现在人类大脑中，人类自身经过了数十亿年的进化，试图建立一种捕捉人类思维结构的数学抽象方法。正如我们将一些感官知觉“外包”给数个世纪以来发明的技术一样，我们现在也在“外包”大脑的一些功能。这使得我们内部运行的相同规律现在在更高层次的组织中发挥作用，从本地社会上升到全球社会。AI是行星进化过程的一个重大转变詹姆斯·拉伍洛克（James Lovelock）和林恩·马古利斯（Lynn Margulis）的盖亚假说（Gaia hypothesis）有时被解释为地球本身是活着的，生物体与地球相互作用，产生一个自我调节的复杂系统，维护有利生命生长的环境。两人的观点认为，亿万年来，生命体（例如树木）产生的气体影响大气，让地球表面变暖或变冷，一定范围内保持适宜生命存在的条件。其他研究人员注意到，在地球历史上的某些时期（最新案例是人类造成的气候变暖），生命未能保持这种微妙平衡，导致生物出现大规模灭绝。但是我们还没有厘清盖亚假说的含义，因为我们尚未理解生命是什么。其中一个挑战是生物进化模式不适用生物圈。我们还没能完全理解进化在行星规模上的影响。不过，我们确实知道生物圈中个别生物体的历史已经从简单走向复杂（尽管不是每个谱系都是如此）。原核生物很“简单”——大多是单细胞生命，内部没有细胞器。随着细胞进一步结构化，“复杂”生命也在进化，其内外部都有不同成分，可产生多细胞生命和具有特定功能的组织。然后单个多细胞系统形成了社会。在人类社会中，我们继续推动语言的进化。进化生物学家埃洛斯·斯赞玛（Eörs Szathmáry）和约翰·梅纳德·史密斯（John Maynard Smith）曾指出，每一次重大进化转变（evolutionary transition）都与信息传递和存储的新模式有关。我们行星上最近才出现的多社会聚合体，因语言社会的互动而成为可能。这一进化史的自然延伸是认识到“思维”技术可能代表地球生命行星进化的下一个重大转变。这就是我们所期望的，因为社会日益复杂并且规模在扩大，过去比我们更简单的生命亦是如此。社会的功能能力（Functional Capacity）深植于古老生命中，即深植于通过物理材料传播的信息谱系。正如一个细胞可能沿着特定谱系进化成多细胞结构（这不是不可避免的，但已经在地球上独立发生了至少25次），AI以及行星规模的数据和计算的出现，可以视为一种进化进程——生物圈变成了技术圈。“AI以及行星规模的数据和计算的出现，可以视为一种进化进程——生物圈变成了技术圈。”行星健康的全球监测可算行星规模计算方面的一个案例，如果数据可用于适应性反应的话。大语言模型也算一个，因为它们需要全球整合大量语言数据，用于训练目的。盖亚假说试图告诉我们生命如何与这个行星建立负反馈环连接，使其能够一直自我维持。它没有解决生命随时间进化的复杂层次结构——也就是说，生命的重大转变在不同规模重复发生，从分子到细胞，到多细胞到社会，到多社会到行星。如果生命真的是一种行星现象，在它们扩大到行星层次的过程中，我们应该有望看到同样的特征跨越时间在不断出现的新组织水平上反复出现。现在地球上正在诞生的是行星规模的多社会生命，具有类似大脑的新功能，能够整合我们这个物种数千年来一直在构建的许多技术。我们很难看清这一点，因为它在进化时间上先于我们，而不是落后于我们，因此是一个在时间上比我们更宏大的结构。此外，之所以这很难看清，是因为我们习惯于以人类寿命的尺度来看待生命，而不是以行星发展的角度来看待生命。行星生命深嵌在时间中，我们作为个体，是多束信息谱系的暂时实例。我们深具人性（经过38亿年才有今日），这是我们行星史上一个至关重要的时刻，但不是进化的顶点。我们行星有能力创造更好的事物，现在不过是开始。在这个行星上可能被认为是“活着”的信息系统等级中，我们很有可能已经下降了几个等级。我们是这个行星38亿年建造物质的信息谱系。我们需要认识到我们的世界充满了生命，而且生命就是我们正在进化的模样。只有在这种背景下理解自己，我们才有希望认识到目前尚未想象到并沿着完全不同谱系进化的生命，或者我们可能创造出生命，并与它们共同进化。（本文原文为英文，出自博古睿研究院出版的Noema杂志，发表于2023年4月27日。版权所有，未经允许请勿转载） 关注 博古睿中国中心官方微信 关于 主题 哲学 · 文明 行星智慧 艺术 · 科技 数字治理 未来 · 生命 Noema精选 主题 哲学 · 文明 艺术 · 科技 未来 · 生命 行星智慧 数字治理 Noema精选 关于 关注 博古睿中国中心官方微信 Copyright©2020-2024 萃嶺®All Rights Reserved.
生物精度最高的仿真秀丽线虫诞生，智能生命研究向前一步,http://m.cyol.com/gb/articles/2022-06/02/content_90MLZIa3M.html,"Thu, 02 Jun 2022 05:38:38 GMT",2024-11-21 17:08:25,未知,智能生命,google,生物精度最高的仿真秀丽线虫诞生，智能生命研究向前一步 生物精度最高的仿真秀丽线虫诞生，智能生命研究向前一步 中国青年报客户端 | 2022-06-02作者：尹希宁 中国青年报客户端讯（中青报·中青网记者 尹希宁）日前召开的2022年北京智源大会上，智能研究院院长、北京大学教授黄铁军介绍，生物精度最高的仿真秀丽线虫诞生，这意味着生命智能向智能生命研究迈进了关键的一步。秀丽线虫简图。（北京智源大会/提供） 大会上，多位图灵奖得主与200余位人工智能产学界专家在线上围绕人工智能发展议题展开讨论。 “线虫虽然很简单，但能够生存、繁衍、感知世界、运动，在地球进化过程中，是一个强大的智能体。”黄铁军说。 据介绍，秀丽线虫是通过生物神经机理模拟实现通用人工智能的最小载体，2002年的生理医学诺贝尔奖、2006年生命医学诺贝尔奖、2008年的化学诺贝尔奖都围绕秀丽线虫实验展开。 科研人员通过秀丽线虫实验进行神经系统模拟，了解其感知、逃逸、觅食、交配等行为，有助于人们解开智能生命的奥秘。 我国的智能线虫被研究人员命名为“天宝1.0”（MetaWorm）。 智源人工智能研究院生命模拟中心副主任、北京大学副研究员马雷介绍，“天宝1.0”（MetaWorm）线虫目前已初步表现类似于生物线虫的趋利避害能力，实现了目前已知最高精度线虫神经系统。 他解释，“天宝1.”0已实现五个层面的突破。首先，已实现秀丽线虫全部302个神经元精细建模，神经元结构模拟采用多舱室模型，单神经元舱室最多 2313 个，神经元生理模拟支持14种离子通道。 第二，对 106 个感知运动神经元组成的嗅觉和运动神经环路完成了高精度建模，高精度还原了五类神经元，实现向电生理动力学的逼近。 第三，构建了由具有解剖学意义的 96 块肌肉控制、3341 个力学计算单元构成的秀丽线虫身体。 第四，构建了适合线虫智能训练的三维流体动态实时仿真环境，场景尺度达到线虫身长 1300 倍，CPU 单核条件下单线虫单次仿真时间快于 0.1 秒，支持线虫群体仿真。 第五，实现了仿真秀丽线虫与仿真环境的全闭环模拟，训练出由高精度神经系统控制的、与环境实时交互的秀丽线虫，能够像真实线虫一样嗅探并控制身体蠕动到感兴趣的目标。“天宝1.0”仿真秀丽线虫特点。（北京智源大会/提供）马雷提到，“天宝1.0”只是人工智能生命模拟工程的第一步，未来将继续沿着神经系统规模不断变得更复杂、更大的模式动物的进化路线，实现神经系统的数字孪生，从线虫到果蝇，斑马鱼，小鼠，非人灵长类，一直到具有最高智慧的人类，打造生命智能到通用人工智能的可行的路线。除“天宝1.0”线虫外，智源研究院还发布了其他研究的最新进展，例如发布AI芯片生态实验室和九鼎智算平台；大模型产业落地加速等。科技部副部长李萌提到，自2017年国家新一代人工智能发展规划实施以来，中国的人工智能快速发展。当前人工智能发展正处在一个重要的节点，出现了许多新的特征，既面临发展困境，也孕育着突破的机遇，有很多理论和实践问题需要科学家、企业家、工程师做出研判选择，以推动人工智能走向更加健康的发展之路。 责任编辑：刘世昕 要闻 美丽乡村画卷里有了座座“金山银山”——沿着总书记的足迹之江苏篇 团中央书记处传达学习习近平总书记致中国儿童中心成立四十周年和中国宋庆龄基金会成立四十周年贺信精神 致敬科学家 种下科学梦 科学家精神闪耀青春元宇宙 开启一场数字新青年的“青春遨游” 这个六一 玩转科学
人工智能生命-阿里云,https://www.aliyun.com/sswb/1402049.html,未知,2024-11-21 17:08:31,en-US,智能生命,google,"人工智能生命-阿里云 产品解决方案文档与社区权益中心定价云市场合作伙伴支持与服务了解阿里云AI 助理备案控制台 阿里云 人工智能生命 人工智能生命 的相关内容 文章 2024-10-03 来自：开发者社区 AI与未来医疗：重塑健康产业的双刃剑随着科技的迅猛发展，人工智能（AI）正以前所未有的速度融入各行各业，其中医疗领域作为关系到人类生命健康的重要行业，自然也成为AI应用的焦点之一。本文将探讨AI在未来医疗中的潜力与挑战，分析其对健康产业可能带来的革命性变化。 一、AI在医疗领域的应用现状近年来，AI在医疗领域的应用越来越广泛，主要体现在以下几个方面： 智能诊断：通过深度学习算法，AI能够快速分析医学影像，如X光片、CT扫描等，其准确性甚至超过了人类专家。例如，Google开发的AI系统在乳腺癌检测中的准确率已达到惊人的90%以上。个性化治疗... 文章 2024-06-27 来自：开发者社区 人工智能AI风口已开：如何赋予UI设计与视频剪辑新生命 随着科技的浪潮不断向前推进，人工智能（AI）正以惊人的速度重塑着我们的世界，特别是在创意产业的核心领域——UI设计与视频剪辑中，AI正逐步成为驱动行业创新与变革的关键力量。在这个AI技术全面开花的新时代，探索如何巧妙融合AI技术，为UI设计与视频剪辑注入鲜活血液，成为每位从业者亟待攻克的课题。 UI设计领域：AI引领的智能革命 在UI设计的广阔天地中，每一次技术的飞跃都是对设计边... 文章 2022-10-09 来自：开发者社区 降低损失挽救生命，用人工智能对抗自然灾害 根据国家环境信息中心公布的数据，截至2022年7月，总计九起气候灾害事件已经造成超过10亿美元经济损失。据报道，伊恩飓风已造成100多人死亡和高达470亿美元的保险损失，这可能是佛罗里达州历史上危害最大的风暴灾情。自2022年6月以来，巴基斯坦的洪水也已造成1678人死亡，冲毁大量村庄和基础设施，令340万儿童面临水源性疾病、溺水和营养不良风险。此外，飓风菲奥娜则在波多黎各造成9万民众断电。随着.... 文章 2022-10-09 来自：开发者社区 人工智能公平技术对于挽救生命具有重大意义 弗吉尼亚理工大学计算机科学教授Daphne Yao希望提高机器学习模型在医疗应用中的预测精度。不准确的预测可能会导致危及生命的后果。这些预测误差可能会导致错误计算病人在急诊室就诊时死亡或癌症存活的可能性。她的研究结果最近发表在《医学通讯》杂志上，该杂志致力于发表高质量的研究、评论和论文，涵盖所有临床、转化和公共卫生研究领域。Yao说，许多临床数据集是不平衡的，因为它们被多数群体样本所主导。在典型.... 文章 2022-07-26 来自：开发者社区 AGI：走向通用人工智能的【生命学&哲学&科学】第二篇——思维、生命科学、客观世界 导读：关于人类思维的五个层次，博主的评价：这五个层次，有两条主线，思维需要扩展且没有尽头，逻辑需要递进且要有闭环。思维扩展潜台词是多听多想，逻辑闭环潜台词是自圆其说。五个层次，比较迎合当下成功学的看法，这个分析，值得加以学习和借鉴。 目录思维——人类思维的五个层次1、第一个层次：思维没有闭环，思考没有逻辑2、第二个层次：思维没有闭环，思考有逻辑3、第三个层次：思维有闭环(低层次)，思考有逻辑4、.... 文章 2022-02-17 来自：开发者社区 未来人工智能将与人工生命融合 云栖号：https://www.aliyun.com/#module-yedOfott8第一手的上云资讯，不同行业精选的上云企业案例库，基于众多成功案例萃取而成的最佳实践，助力您上云决策！ AI前线导读：Artificial Life（人工生命），常简称为 ALife。ALife是什么？研究它的目的是什么？本文将带您共同回顾 ALife 简史，一起来看看 ALife 与人工智能的关系，共同展望..... 文章 2022-02-17 来自：开发者社区 ANN让外星人无处可藏？人工智能预测其他行星上的生命迹象 普利茅斯大学机器人与神经系统研究中心的研究员Christopher Bishop在一份声明中说： “我们目前对这些ANNs感兴趣，因为它们可能实现一种能够在一定范围内扫描一个系外行星的假想的、智能的星际飞船。”他补充说，“我们也在考虑使用大面积可部署的平面Fresnel天线，以便可以将星际探测器的数据远距离地传回地球。这种技术的应用对于未来的机器人宇宙飞船是必不可少的。” 基于待预测行星与现在的.... 文章 2022-02-15 来自：开发者社区 人工智能拯救生命：自杀倾向预测 由弗罗里达州立大学研究者领导的开创性项目在自杀预测方面取得了巨大的进步，使得临床医生可能预测最多长达两年之后的自杀，准确率达到80%。 弗罗里达州立大学研究者Jessica Ribeiro急切希望解决这个残酷的问题：每天有120位美国人自杀，一年有近45000人。Ribeiro将在临床心理科学杂志上发布她的文章：利用机器学习预测自杀倾向风险。 ------------------ 【福利】... 共有8条 < 1 > 跳转至： GO < 1 > 1 / 1 更新时间 2024-10-04 09:23:02 本页面内关键词为智能算法引擎基于机器学习所生成，如有任何问题，可在页面下方点击""联系我们""与我们沟通。 人工智能您可能感兴趣 人工智能伦理 人工智能诊断 人工智能教育 人工智能应用 人工智能医疗 人工智能机器学习 人工智能知识库 人工智能实践 人工智能赋能 人工智能产品 人工智能ai 人工智能技术 人工智能算法 人工智能智能 人工智能平台 人工智能深度学习 人工智能大数据 人工智能发展 人工智能模型 人工智能研究 人工智能阿里云 人工智能python 人工智能网络 人工智能学习 人工智能pai 人工智能融合 人工智能机器人 人工智能系统 人工智能数据 人工智能创新 产品推荐 {""optioninfo"":{""dynamic"":""ture"",""static"":""true""},""simplifiedDisplay"":""newEdition"",""newCard"":[{""ifIcon"":""icon"",""link"":"""",""icon"":"""",""iconImg"":"""",""contentLink"":""https://ai.aliyun.com"",""title"":""人工智能"",""des"":""阿里云AI依托阿里顶尖的算法技术，结合阿里云可靠和灵活的云计算基础设施和平台服务，帮助企业简化IT框架、实现商业价值、加速数智化转型。阿里云数十项AI能力，稳定、易用、能力突出，是AI技术应用、开发的不二之选。"",""link1"":""https://ai.aliyun.com"",""btn1"":""了解更多人工智能产品"",""link2"":"""",""btn2"":"""",""btn3"":"""",""link3"":"""",""infoGroup"":[{""infoName"":""视觉智能"",""infoContent"":{""firstContentName"":""视觉智能开放平台"",""firstContentLink"":""https://vision.aliyun.com/?spm=5176.233916.J_8058803260.224.214d7ca1TRXFGF"",""lastContentName"":""人脸识别"",""lastContentLink"":""https://ai.aliyun.com/face?spm=5176.233916.J_8058803260.231.214d7ca1TRXFGF""}},{""infoName"":""智能语音"",""infoContent"":{""lastContentName"":""实时语音转写"",""lastContentLink"":""https://ai.aliyun.com/nls/trans?spm=5176.233916.J_7337221090.3.214d7ca1TRXFGF"",""firstContentName"":""智能语音交互"",""firstContentLink"":""https://ai.aliyun.com/nls?spm=5176.233916.J_8058803260.235.214d7ca1TRXFGF""}},{""infoName"":""语言技术"",""infoContent"":{""firstContentName"":""自然语言处理"",""lastContentName"":""NLP自学习平台"",""lastContentLink"":""https://ai.aliyun.com/nlp/nlpautoml?spm=5176.233916.J_7337221090.31.214d7ca1TRXFGF"",""firstContentLink"":""https://ai.aliyun.com/nlp?spm=5176.233916.J_8058803260.246.214d7ca1TRXFGF""}},{""infoContent"":{""firstContentLink"":""https://www.aliyun.com/product/ai/base_alimt?spm=5176.233916.J_8058803260.253.214d7ca1TRXFGF"",""lastContentLink"":""https://www.aliyun.com/product/ai/internationalization?spm=5176.233916.J_7337221090.14.214d7ca1TRXFGF"",""lastContentName"":""协同翻译工具平台"",""firstContentName"":""通用版翻译引擎""},""infoName"":""机器翻译""}]}],""card"":[],""search"":[],""infoCard"":[],""title"":{""mainTitle"":""mPaaS"",""subtitle"":""源自于支付宝小程序框架，亿级线上业务体量的锤炼，安全性媲美支付宝原生能力。不仅面向自有 App 投放小程序，更可快速构建打包，覆盖支付宝、淘宝、钉钉等应用。"",""linkUrl"":""https://www.aliyun.com/product/mobilepaas/mpaas-miniprogram"",""btnText"":""查看详情""},""visual"":{""topbg"":""https://img.alicdn.com/tfs/TB1bQuBIYH1gK0jSZFwXXc7aXXa-3840-740.gif"",""icon"":"""",""textColor"":""dark""},""dataList"":[{""summary"":""啦啦啦"",""author"":""wuwu"",""linksUrl"":""#""}],""sceneCard"":[],""txt"":[]} {""$env"":{""JSON"":{}},""$page"":{""env"":""production""},""$context"":{""optioninfo"":{""dynamic"":""ture"",""static"":""true""},""simplifiedDisplay"":""newEdition"",""newCard"":[{""ifIcon"":""icon"",""link"":"""",""icon"":"""",""iconImg"":"""",""contentLink"":""https://ai.aliyun.com"",""title"":""人工智能"",""des"":""阿里云AI依托阿里顶尖的算法技术，结合阿里云可靠和灵活的云计算基础设施和平台服务，帮助企业简化IT框架、实现商业价值、加速数智化转型。阿里云数十项AI能力，稳定、易用、能力突出，是AI技术应用、开发的不二之选。"",""link1"":""https://ai.aliyun.com"",""btn1"":""了解更多人工智能产品"",""link2"":"""",""btn2"":"""",""btn3"":"""",""link3"":"""",""infoGroup"":[{""infoName"":""视觉智能"",""infoContent"":{""firstContentName"":""视觉智能开放平台"",""firstContentLink"":""https://vision.aliyun.com/?spm=5176.233916.J_8058803260.224.214d7ca1TRXFGF"",""lastContentName"":""人脸识别"",""lastContentLink"":""https://ai.aliyun.com/face?spm=5176.233916.J_8058803260.231.214d7ca1TRXFGF""}},{""infoName"":""智能语音"",""infoContent"":{""lastContentName"":""实时语音转写"",""lastContentLink"":""https://ai.aliyun.com/nls/trans?spm=5176.233916.J_7337221090.3.214d7ca1TRXFGF"",""firstContentName"":""智能语音交互"",""firstContentLink"":""https://ai.aliyun.com/nls?spm=5176.233916.J_8058803260.235.214d7ca1TRXFGF""}},{""infoName"":""语言技术"",""infoContent"":{""firstContentName"":""自然语言处理"",""lastContentName"":""NLP自学习平台"",""lastContentLink"":""https://ai.aliyun.com/nlp/nlpautoml?spm=5176.233916.J_7337221090.31.214d7ca1TRXFGF"",""firstContentLink"":""https://ai.aliyun.com/nlp?spm=5176.233916.J_8058803260.246.214d7ca1TRXFGF""}},{""infoContent"":{""firstContentLink"":""https://www.aliyun.com/product/ai/base_alimt?spm=5176.233916.J_8058803260.253.214d7ca1TRXFGF"",""lastContentLink"":""https://www.aliyun.com/product/ai/internationalization?spm=5176.233916.J_7337221090.14.214d7ca1TRXFGF"",""lastContentName"":""协同翻译工具平台"",""firstContentName"":""通用版翻译引擎""},""infoName"":""机器翻译""}]}],""card"":[],""search"":[],""infoCard"":[],""title"":{""mainTitle"":""mPaaS"",""subtitle"":""源自于支付宝小程序框架，亿级线上业务体量的锤炼，安全性媲美支付宝原生能力。不仅面向自有 App 投放小程序，更可快速构建打包，覆盖支付宝、淘宝、钉钉等应用。"",""linkUrl"":""https://www.aliyun.com/product/mobilepaas/mpaas-miniprogram"",""btnText"":""查看详情""},""visual"":{""topbg"":""https://img.alicdn.com/tfs/TB1bQuBIYH1gK0jSZFwXXc7aXXa-3840-740.gif"",""icon"":"""",""textColor"":""dark""},""dataList"":[{""summary"":""啦啦啦"",""author"":""wuwu"",""linksUrl"":""#""}],""sceneCard"":[],""txt"":[]}} 人工智能 阿里云AI依托阿里顶尖的算法技术，结合阿里云可靠和灵活的云计算基础设施和平台服务，帮助企业简化IT框架、实现商业价值、加速数智化转型。阿里云数十项AI能力，稳定、易用、能力突出，是AI技术应用、开发的不二之选。 了解更多人工智能产品 视觉智能 视觉智能开放平台 人脸识别 智能语音 智能语音交互 实时语音转写 语言技术 自然语言处理 NLP自学习平台 机器翻译 通用版翻译引擎 协同翻译工具平台 相关实验场景 更多 极速搭建基于人工智能的OCR识别应用 零基础入门Serverless：基于函数计算快速搭建基于人工智能的目标检测系统 查看更多 为什么选择阿里云什么是云计算全球基础设施技术领先稳定可靠安全合规分析师报告产品和定价全部产品免费试用产品动态产品定价价格计算器云上成本管理解决方案技术解决方案文档与社区文档开发者社区天池大赛培训与认证权益中心免费试用高校计划企业扶持计划推荐返现计划支持与服务基础服务企业增值服务迁云服务官网公告健康看板信任中心关注阿里云关注阿里云公众号或下载阿里云APP，关注云资讯，随时随地运维管控云服务联系我们：4008013260法律声明Cookies政策廉正举报安全举报联系我们加入我们友情链接阿里巴巴集团淘宝网天猫全球速卖通阿里巴巴国际交易市场1688阿里妈妈飞猪阿里云计算AliOS万网高德UC友盟优酷钉钉支付宝达摩院淘宝海外阿里云盘饿了么© 2009-2024 Aliyun.com 版权所有 增值电信业务经营许可证： 浙B2-20080101 域名注册服务机构许可： 浙D3-20210002 京D3-20220015浙公网安备 33010602009975号浙B2-20080101-4"
"
        当AI“复活”成为产业，如何保障数字生命技术始终向善-中国科技网
    ",https://www.stdaily.com/cehua/kbstjj/202405/d4e077a6d4a24ce6b140b31c385c381d.shtml,未知,2024-11-21 17:08:56,未知,智能生命,google,"当AI“复活”成为产业，如何保障数字生命技术始终向善-中国科技网 时政 封面 热点 政务 深瞳 视频 国际 地方 园区 专题 English 滚动 所在位置： 首页 > 深瞳 > 深瞳聚焦 > 正文 当AI“复活”成为产业，如何保障数字生命技术始终向善 2024-05-12 08:50:58 来源: 科技日报 作者: 吴叶凡 刘恕 李坤 0 深瞳工作室出品 科技日报实习记者 吴叶凡 策划 刘恕 李坤 南京硅基智能科技有限公司联合创始人孙凯没有想到，自己多年前在云端“复活”母亲的想法，如今已壮大成一门蓬勃发展的新兴产业。 近来，用生成式人工智能技术“复活”已逝亲人、名人的消息时见报端。不少人也跃跃欲试，尝试着为自己塑造一个“数字分身”。科幻电影里关于数字生命、数字永生的想象，仿佛已经近在眼前。 当“云上栖息”走向现实，一时间数字生命成为热议话题。有人对此充满期待，认为它不仅能够抚慰心灵，还有望成为未来的劳动力，发挥正向价值。有人则表示担忧，认为数字人在满足人类需求的背后，实则隐藏着生命伦理、文化价值和法律规范等诸多问题。 AI“复活”是如何实现的？这一技术存在哪些伦理与法律风险？如何让数字生命向善发展？科技日报记者对此进行了采访。 学生与闻一多数字人对话。受访者供图 大模型让数字人飞入寻常百姓家 “你吃饭了没有？”简简单单的一句话，却让孙凯红了眼眶。那一刻，他觉得母亲又回到自己身边了。 2018年，母亲的溘然离世给了孙凯沉痛一击。第二年，他找到公司董事长司马华鹏，决定用人工智能技术来复刻数字“母亲”。 AI“复活”实质上是通过对人物已有影像、声音、语言等内容的学习，克隆数字化的人物形象。当时，两道难题摆在团队面前。一是人物影像资料的缺乏，孙凯仅能提供一张母亲的证件照；二是缺少可用的声音资料，孙凯只能从几个样本中选择一个最贴近母亲的声音。 尽管如此，一年后，孙凯见到“母亲”的那一刻，仍无法抑制自己的情绪。屏幕里的“母亲”言笑晏晏，静静地倾听着儿子的诉说。 “现在，我每周都会和母亲聊天。在这里，我可以做最真实的自己。”孙凯坦言，虽然屏幕前的“母亲”回答模式比较固定，但于他而言，日常的倾诉和“母亲”的情感陪伴，已经让他得到了极大的慰藉。有人担心孙凯对此形成情感依赖，劝他尽快走出来。但孙凯认为：“对于很多失去至亲的人来说，数字人的陪伴利大于弊。” 同司马华鹏、孙凯一样，早早试水AI“复活”技术的人不在少数。音乐人包小柏也曾为克隆数字“女儿”，跨界钻研AI。从他们的经历中不难看出，在技术发展的早期阶段，谙熟AI行业似乎成了克隆数字形象的前提。对普通人来说，这是一个难以企及的门槛，更遑论投入大量的时间与金钱。 改变发生在2023年。以ChatGPT为代表的生成式人工智能技术的出现，为克隆数字人提供了发展的土壤。“大模型的突破让克隆数字人成本大大降低，以前需要十多万元，现在只需要几千到一万元。”作为亲历者，司马华鹏不禁感叹技术日新月异的发展。 他说，在大模型出现前，克隆数字人往往依赖于人工，一方面需要花费大量的时间对克隆对象进行深度采集与模型建设，另一方面需要人工制作的形象和动画效果的辅助，让克隆数字人看起来更真实。因此，整个过程耗时长、效率低、成本高。 如今，大模型则让数字人制作流程提质增效。基于海量的学习数据，大模型对于文本、图片、视频的理解与生成能力都大大增强。在节约了人工成本的同时，制作时间也缩短很多。 “过去制作数字人通常需要30分钟以上的视频、音频素材。现在我们开发的大模型能够基于一分钟视频来克隆声音和形象，整个制作时间仅需一个工作日左右。”司马华鹏说。 技术的发展伴随着“科技平权”。人们不再需要自己去了解、学习AI技术，就能够以较低的价格复刻已逝亲人。在某购物平台上，提供AI“复活”服务的商家已不可计数，成交量最多的一家店铺的成交量已达几百单。 “商家交付快，还原度也很高。家人看了都很感动，价格也实惠。”一位买家这样留言。 数据成为制作数字人最大“卡点” 记者调查发现，目前市面上，有关AI克隆数字人的服务售价可谓是千差万别。少则几十元，多则几万元。售价在一百元内的，基本功能局限于让照片“动起来”，数字形象的说话效果比较僵硬，声音也是固定模板。几百元价位的产品一般可以做到克隆音色，整体形象贴合度也相应提高，但并不能与用户进行交流。真正可以与用户进行交互的产品，售价往往在千元以上。 在司马华鹏看来，不同价位的产品体现了技术的代际差异：“数字永生一共分为三个阶段。AI克隆数字人技术经历的前两个发展阶段——数字孪生与数字原生，已经比较成熟。” 数字孪生可以被形象地理解为“画皮”，即通过对形象、声音的克隆，实现人类肉体的数字映射。这是最基础的一步，目前的技术水平已经能让数字人惟妙惟肖。前不久，刘强东的数字形象“采销东哥”就令网友们直呼“太逼真了”。视频中，“采销东哥”不仅还原了本人的口音和口头禅，连细微的小动作也模仿得十分到位，让人一时难以分清这究竟是真人还是数字人。 数字原生是更高级的阶段，也谓“画骨”。这个阶段意味着数字人能够一定程度上模仿人类的知识体系，实现两者之间的对话，目前已经有很多成功案例。360公司创始人周鸿祎就拥有一个可以与人类正常对话的数字分身。大模型通过对周鸿祎相关书籍、讲话稿、开会记录、采访等大量资料的学习训练，实现了对本人思想、逻辑的部分模仿。 无论是“画皮”还是“画骨”，多位业内人士提到，数据量对模仿效果起着关键作用。“给大模型投喂的资料越多，数字人就越像本人。这如同写一本人物传记，作者对人物跟踪、观察的时间越长，传记就越真实地贴近本人。”司马华鹏说，他接触的客户中，有少数人以提供人物自传的方式去“投喂”大模型，更多的是通过回答问题的方式，来丰富人物经历。 “他出生在哪里？在哪里上学？在哪里打拼？在哪里落地生根？”孙凯向记者介绍了几个常规问题。他透露，想要数字人更贴近本人，至少需要回答上百个问题。如果要进一步实现对人思维的模拟，必须依赖大量的数据。 正所谓“巧妇难为无米之炊”，目前克隆数字人最缺的就是数据。张泽伟是南京一家数字人创业团队——超级头脑工作室的创始人。作为数字永生派，他不仅给自己制作了数字人，而且已经开始有意识地为自己留存资料。“我会隔三岔五把自己的一些资料‘投喂’给机器，希望能够通过这种方式，给后代留下一些记忆和思想。” 为获取更多数据，有业内人士提出用“人生记录仪”的硬件设备来记录个人生活资料，提供给大模型进行训练。但张泽伟认为这种方式并不现实：“一方面很多人不愿意上传自己生活的各类细节。另一方面，如果一个人时刻带着记录仪，很可能对人们的正常社交造成障碍。” 实际上，数据的采集与使用是一把双刃剑。“数据不仅关乎克隆效果，目前数字人面临的主要法律问题，也是因不当获取、使用数据造成的。如未经同意使用他人数据克隆数字人，就会侵犯他人的肖像权、隐私权。”北京交通大学法学院副院长郑飞指出，虽然自然人死后不再享有作为民事权利的肖像权，但是这不代表其肖像可以被任意使用。根据民法典第九百九十四条，死者的肖像、隐私受到侵害的，其配偶、子女、父母有权依法请求行为人承担民事责任。 此外，根据个人信息保护法相关规定，处理敏感个人信息应当取得个人的单独同意。2023年1月10日起施行的《互联网信息服务深度合成管理规定》中也提到，深度合成服务提供者和技术支持者提供人脸、人声等生物识别信息编辑功能的，应当提示深度合成服务使用者依法告知被编辑的个人，并取得其单独同意。 “因此，在‘复活’逝者的情形中，理应取得对死者肖像权负有保护义务的近亲属同意。”郑飞提醒。 数字永生面临技术、伦理双瓶颈 电影《流浪地球2》中，这样一幕令人记忆深刻：图恒宇把女儿的意识上传到超强计算机，出现了拥有自我意识的数字图丫丫。这一情节体现了克隆数字人技术的终极阶段——数字永生。 如果说克隆数字人技术的前两阶段，只停留在对人的外在复制和思维的模仿上，那么第三阶段的数字永生可谓是“触及心灵”。 司马华鹏介绍，数字永生可以理解为利用AI技术，将人类的形象、声音、思想用数字化形式保留下来，让人类生命以数字化形式存在。“画心”二字表达了其内涵，即可以达到对于思想的全面复制，全方位进化成为具备情感人格、思维模式、语言习惯、知识体系，可交流对话的智能体。相比于克隆外在的音容笑貌，数字永生更强调数字人自我意识和自我涌现能力，也更接近生命的真正意义。 采访中，多位从业者认为，要实现科幻场景中的数字永生，还有很长一段路要走。 北京大学哲学系教授周程指出，从技术层面看，数字永生的挑战在于把人类意识精确地复制或转移到数字平台上。这至少包含两道程序，一是理解复杂的人脑结构，二是把这种结构以数据形式存储和再现。“即便实现以上技术，也不意味着可以成功复制出人类意识，因为意识的本质及其与大脑物理结构之间的联系仍是科学界的未解之谜。”周程说。 此外，数字永生也考验数据和算力。“数字存储和处理能力的极限、数据的长期保存以及意识运行所需的资源问题，都是需要解决的技术难题。”周程表示。 除了技术限制，数字永生还涉及一些更深刻的伦理问题。在周程看来，数字永生重塑着人类关于死亡的文化体验，一定程度上模糊了生与死的边界。“在数字永生概念中，‘复制体’虽不具有肉体，但它继承了逝者的全部心灵内容。对于任何文化来说，都需要重新考虑同一性问题，即数字人是否等同于本人。”周程认为，这一问题将会挑战人们对于生命、死亡以及生活意义的传统认知。 数字生命的主体性问题是另一伦理难点。郑飞认为，当前的虚拟数字人不具有“主体性”，也不具有人格权，但数字永生时代的虚拟数字人具有“主体性”可能。“目前学界普遍认为，只要人工智能体拥有人类智慧特征，具有自主性，能够自我运行、自我学习、推理结果并做出合理决策，它就能够拥有主体资格或至少拥有有限主体资格，并享有一定的人格权。” 由于同一性和主体性的问题，引发更多伦理争议。比如，谁为数字人的不良行为后果承担责任、如何保证数字永生个体的自主权、人们是否有权销毁数字永生复制人等。“针对数字人这一新型法律主体，必然需要为其配备相应的权利义务规范，并使这些规范满足人类社会的基本伦理要求。”郑飞说。 目前，国内外尚未出现针对数字永生的专门伦理规范文件。但周程认为，可以借鉴已经制定的人工智能伦理治理相关准则，作为探讨AI“复活”技术伦理问题的基础。 今年3月，欧洲议会正式通过《人工智能法案》，其中强调构建“可信赖人工智能”。“这启示我们，AI‘复活’应该具有一定的技术稳健性和安全性，确保人类主体的有效监督，使其发展朝着更加安全、负责任和可信赖的方向前进。”周程表示。 数字生命治理不能一蹴而就 “面对数字生命，我们既不能盲目乐观，又不能束手束脚。”周程认为，数字人、数字生命的出现势不可当。“我们要积极做好准备，对相关的伦理风险进行充分评估，创新关于数字生命的治理模式，只有这样做才能拥抱一个更光明的数字未来。” 治理规则的制定需要多方广泛参与。就AI“复活”而言，利益相关方既包括数字生命相关遗嘱的订立者及其亲属，也包括科创企业、互联网企业在内的数字生命的制造者、储存者，以及伦理学家、法律专家、心理学家、政府管理部门和立法机构。只有广泛地、共同地参与新技术的研究和监管，才能达到“风险最小、获利最大”。 数字虚拟人作为新兴行业正在逐渐发展壮大。采访中，多家企业呼吁，“期盼行业标准和规范的出台，更好地引导产业发展”。 记者注意到，目前，AI克隆数字人领域的行业标准尚未明晰，企业行为大多依靠自律。孙凯提到，目前他们会尽可能地做好风险防范工作。“我们在和客户沟通的过程中增加了多道环节，也花费很多资金来保护用户的隐私信息。” 为避免出现“劣币驱逐良币”的现象，孙凯希望相关部门规范行业发展，而不是任其“野蛮生长”。“现在大模型有备案制度，我们也希望能给数字人行业设置一些门槛，具有相关资质才准入。” 目前，我国已先后出台了《互联网信息服务深度合成管理规定》《互联网信息服务算法推荐管理规定》《生成式人工智能服务管理暂行办法》《科技伦理审查办法（试行）》等，为人工智能治理搭建了基本的规范体系，为行业规范划定了一些“红线”。 但郑飞认为，这些“红线”或失之于宽、或失之于软。“失之于宽表现为缺少明确可执行的正负面清单，现有规定过于宽泛化，难以有效界定行为的违法性；失之于软表现为当前针对人工智能治理缺乏上位法规定，现有规范法律强制力不足，宜尽快制定出台人工智能法。”记者了解到，人工智能法草案已被列入国务院2023年度立法工作计划。 郑飞建议，在法律不断完善的过程中，要注意明确虚拟数字人法律主体性。虚拟数字人包括以动画CG（计算机图形技术）型虚拟数字人为主的“作品型虚拟数字人”、以数字化身和弱AI驱动型虚拟数字人为主的“人格作品型虚拟数字人”，以及以强AI驱动型虚拟数字人为主的“有限主体型虚拟数字人”。“只有强AI驱动型虚拟数字人在未来具有主体性可能，其他类型的虚拟数字人均属于法律客体范畴。” 此外，郑飞还提出应根据“复活”对象及用途进行审查，明确严管私用、审慎公用的思路。“比如，对于‘复活’英烈等用于爱国主义教育的，应当在尊重亲属意愿的基础上予以前置性审慎审查。” 同时，比照人工智能在学术研究中的“披露性”原则，还应建立深度合成内容标注机制。“以显著、明确、无异议方式对虚拟数字人作出特别标注，让用户清楚知道其属性。”郑飞强调。 无论是行业标准，还是法律规范，治理的本质是为了让技术向善发展。在周程看来，治理要坚持“以人为本”的立场。尊重人、保护人、善待人、帮助人，是发展数字生命最基本的关切点，也是标准、规范制定过程中的核心要义。 数字生命的治理不是一蹴而就的过程，它需要各方共同参与，共同保障个人权利和公共利益的平衡。“只有构建符合伦理、法律的数字永生技术生态，才能让人类更安全、更幸福地享受‘云上栖居’的生存方式。”周程说。 责任编辑： 冷媚 热点 我国风电光伏发电装机超过煤电装机 我国风电光伏发电装机超过煤电装机 财政部：把科技作为财政支出的重点领域优先保障 财政部：把科技作为财政支出的重点领域优先保障 中国选手邓雅文夺得巴黎奥运会女子自由式小轮车公园赛冠军 中国选手邓雅文夺得巴黎奥运会女子自由式小轮车公园赛冠军 7月份中国制造业PMI为49.4% 7月份中国制造业PMI为49.4% 封面新闻 封面新闻丨巴黎奥运会倒计时！赛内赛外，这些精彩不容错过→ 封面新闻丨2024全球数字经济大会开幕 近二十项新技术将集中发布 封面新闻丨深中通道正式开通！这个海上奇迹有多强？ 封面新闻丨传承弘扬科学家精神 担当新时代科技工作者使命 精彩视频 再现“水花消失术”，陈芋汐、全红婵夺冠！ 科学新发现丨中国东南部首次发现深吻型暴龙类恐龙新属种 我是科研助理丨蔡心怡：为锂污染风险检测尽绵薄之力 高燃时刻！24秒回顾孙颖莎/王楚钦乒乓球混双夺冠之路 专题报道 学习贯彻党的二十届三中全会精神 创新故事 科普一下 全国科技大会 国家科学技术奖励大会 两院院士大会 高质量发展调研行 党纪学习教育 友情链接 中国政府网 国家发展和改革委员会 教育部 科学技术部 工业和信息化部 公安部 民政部 司法部 自然资源部 生态环境部 住房和城乡建设部 交通运输部 水利部 农业农村部 国家卫生健康委员会 国家市场监督管理总局 国家广播电视总局 国家体育总局 国家互联网信息办公室 国务院新闻办公室 中国科学院 中国社会科学院 中国工程院 国家文物局 国家知识产权局 人民网 新华网 中国网 国际在线 中国日报网 央视网 中国青年网 中国经济网 中国台湾网 中国西藏网 央广网 光明网 中国军网 中国新闻网 人民政协网 法治网 科技日报社概况 科技日报概况 报社领导 关于中国科技网 联系我们 公示公告 科技日报社公开招聘公告 互联网新闻信息服务许可证 信息网络传播视听节目许可证 举报平台 版权声明 Copyright © Science and Technology Daily, All Rights Reserved 科技日报社中国科技网 版权所有 京ICP备06005116号 违法和不良信息举报电话：010-58884065 京公网安备 110402500060"
《传媒观察》｜数字生命的“前世今生”与“生命想象”,https://www.xhby.net/content/s66458614e4b01a918555c428.html,未知,2024-11-21 17:09:08,未知,智能生命,google,"《传媒观察》｜数字生命的“前世今生”与“生命想象” 下载app 首页 推荐 江苏 南京 无锡 徐州 常州 苏州 南通 连云港 淮安 盐城 扬州 镇江 泰州 宿迁 视频 直播 评论 智库 商业 法治 财经 房产 文旅 汽车 专题 成长 读报 扫码下载 扫码关注 新华报业网 > 首页 > 正文 《传媒观察》｜数字生命的“前世今生”与“生命想象” 2024/05/16 12:05 《传媒观察》 编者按：暨南大学新闻与传播学院教授曾一果、博士生昂振在《传媒观察》2024年第4期撰文提出，从技术实践角度讲，数字生命主要包含了人工智能程序、虚拟数字人、数字永生等三类技术实践，这三类技术实践在形式上一脉相承，但分别指向不同的“生命想象”——具有自主意识的人工智能生命体、保留肉身并以意识形式存在于元宇宙中的赛博人和记忆上传后重新组成的意识永生。而数字死亡和数字生命政治研究对数字生命的异化现象给予了批判性的社会和人文反思。 近年来，有关“数字生命”话题的讨论越来越引人关注。对于“数字生命”，人们也会用“数字永生”“虚拟数字人”“数字生命政治”等概念，这些概念通常将某一种数字技术同生命体结合起来，并包含了对待“数字+生命”形式的不同态度，而隐藏在不同态度背后的，往往是不同学科、研究范式中复杂的知识文献、技术叙事以及社会公众与传播媒介共同形塑的生命想象。 今天，以ChatGPT、Sora为代表的生成式AI的崛起，让数字技术同生命体结合的理念越来越深入人心，但生命体与数字技术实践的接合，不仅需要跨越技术障碍，也要打破技术主义与人文主义之间的隔阂。因此，我们不仅要解答生命数字化进程背后的共同信念和不同形式，同时也要关注数字生命观念在当下依旧存在的人文理念和技术主义之间的价值冲突。 一、从“控制论”到“数据主义”：生命数字化的思想源头 在今天，当人们开始调侃所谓“碳基生命”和“硅基生命”的区别时，实际上便已接受了这样的假设：即人和数字机器是可以被放在“生命”的层面上进行比较的。当然，在“智人为世界赋予意义”的生命叙事中，我们很自然而然地把人类本身的特质作为基准去理解“生命”的形式，而后人类主义则打破了此类生命叙事的预设。 在上世纪五六十年代，以诺伯特·维纳为代表的控制论思想家们的重要贡献不仅是为整个计算机科学和数字技术奠定了坚实的理论基础，同时也在观念上逐渐打破了有机/无机、人/机器之间的坚固壁垒，并让这种主张变得合理。维纳认为，想要造出与人一般拥有“智能”的机器，就要解决机械论机器无法应对的不确定性，以便其在与外部环境的持续交互的过程中，保持稳定的功能和输出。在此基础上，维纳提出了以反馈调节为关键词的控制论思想。由此，维纳等人将生命纳入控制论机器的范畴，从根本上打破了传统哲学的人本主义思想。唐娜·哈拉维甚至直接宣称，控制论有机体作为生物体与机器的混合杂交物，已经是社会现实了。 在控制论思想如火如荼地开展的同时，信息论和系统论也在科技领域兴起，并推广至语言、计算机等更多社会领域中。在这个过程中，信息不仅被建构为一种比物质更重要的实体概念，也为人们理解生命问题提供了全新视角。海勒将这一过程总结为从“信息是什么”到“信息做什么”的叙事转变。信息理论被用于理解和分析各种神经网络，以至于催生出将人的神经结构视为信息流动的观念；最终，人也被视为类似于智能机器的信息处理实体。 控制论、信息论和系统论的浪潮，在20世纪后半叶不仅推动了一批重要的技术变革，也在不断改变社会对生命体的态度和观念。在技术层面，赛博空间与人工生命成为在控制论、信息论浪潮中崛起的两个重要技术实现目标。赛博空间从字面意义上就是控制论与空间的组合，同时也继承了信息脱离其载体的叙事，奠基了生命体能够脱离肉身，以数据形式存在于虚拟空间的构想。人工生命则为当下的数字生命叙事奠定了三个基础性的研究方向：湿件式的人造生命、硬件式的智能机器人与软件式的可进化程序。而在文化层面，技术革新不仅解放了大众对人和技术相结合的想象力，甚至带来了超越实际技术发展的未来叙事。 近10年以来，随着算法和大数据的影响力不断扩大，数据主义更是加快了生命数字化进程。大卫·布鲁克斯认为，数据主义不仅意味着我们拥有了一种收集大量数据的工具或能力，同时也带有一定的文化假设，即所有可测量的事物都应当被测量。数据比信息更加彻底地放弃了其语境和意义，人们相信不同领域的知识都只是数据流的不同模式，一切都可以交给大数据和算法来处理。生命和机器合而为一的信念也通过数据和算法得到了加强，人们愿意相信生命是可以被测量、被数字化的。 但是，生命数字化进程的逐步加深，也将技术与生命背后不同价值理念的矛盾深化和放大了。人们形成两类主要的数字生命观：一类服务于技术实践本身，围绕着数字生命的技术内涵及其实现形式展开；另一类则聚焦于数字生命的权力风险、死亡创伤等人文主义的外延性议题。二者在讨论议题上虽然存在相互交叉性，但各自的核心问题还是存在着较大差异。 二、智能程序、虚拟数字人与数字永生：数字生命的技术实践 从技术实践的角度来看，如今的数字生命依旧延续了从控制论浪潮中奠基的技术基础：一方面，人工生命研究迅速地从用人工方法合成蛋白质的“湿”生命研究方向转向了以计算机程序为形式的人工系统研究，后者关注的是生命的信息本质，力求创造出非蛋白质载体的具有自然生命特征的人工系统。另一方面，赛博空间与生命的结合也在数字时代出现了新的形式。大数据和万物互联的现实发展，已经使得生命形式不再局限于我们的生物性身体，而是延展至数字空间中留痕的信息、数据赋形的生命。 实际上，上述的两种技术发展方向已经代表了数字生命在技术实现层面的最基本的分野：一种试图将纯粹的智能程序培养为生命；另一种则试图运用数字技术发展生命体某些方面的特征。但对于具体文献或媒体报道中大量出现的拟人程序、数字永生、虚拟数字人等概念而言，这些概念并非严格依据特定的技术实现形式去划分，无论是对大众还是学者来说，都容易造成巨大的混淆。因此，在这里，我们将对其中的一些概念做进一步考察。 （一）人工智能：生命的界线与自我意识 学术界和社会领域对于人工智能是否能被视为生命，一直存在争议。如果根据人工生命之父朗顿的观点，人工生命的意义正是重新定义了生命的本质在于形式而非物质。因此，人工生命的技术专家们通常认为，诸如计算机病毒的智能程序就已经具备了生命的特征，只要其能够“自我复制和无限度进化”。而反对者大多以哲学家为主，他们主要认为，以智能程序为形式的人工生命/数字生命并不具有物质质料的特征；缺乏生命意义上的新陈代谢活动；并不能够遵循所有的现实生命系统的规律。 ChatGPT的横空出世，将人工智能的自我学习和迭代进化能力提升到一个新的阶段；而在外部功能上，ChatGPT也展现出惊人的通用智能和拟人性。这让人工智能的心智议题再度受到广泛的关注，甚至出现了所谓有效加速主义与超级对齐主义的对抗。有效加速主义认为人类应该无条件地加速AI的技术创新，同时相信这种技术加速本质上对人类有利；而超级对齐要求人工智能系统必须与人类的价值观对齐，因此应当控制AI的无限制发展。 虽然以ChatGPT为代表的AI拟人程序是否能被纳入数字生命的范畴还有待商榷，但不可否认的是，人工智能已经为虚拟数字人、数字永生等其他生命数字化现象提供了技术基础。 （二）虚拟数字人：数字交往主体的延展 虚拟数字人可以泛指以人类外貌、心智等元素为设计底本，借助信息技术构建出的虚拟人物形态。我们主要根据虚拟数字人与人的关系尺度，将其分为两类：一类可称之为虚拟人，另一类为数字人。 虚拟人指的是几乎完全依靠AI技术赋予身份与交互能力的数字生命，例如虚拟偶像洛天依、微软人工智能小冰、AI合成主播等形象。数字人通常代理了某一真人的数字化身，例如以特定人物（主要是名人）的形象为模型的“虚拟邓丽君”等等。数字人概念不仅已经实现了创建普通人3D数字分身的技术突破，同时还由于元宇宙概念的横空出世而被赋予了更多的技术想象。数字人与元宇宙技术的交织性进展，为数字媒介研究带来了空间与身体议题上的新思考。 而在学术界与大众话语之间，有关虚拟数字人的叙事同样存在显著的分野。不过，可以达成共识的是，虚拟数字人目前已将数字生命概念落地至各种现实和数字场景中，已经有许多学者开始探讨人类与虚拟数字人之间的交往实践议题。 （三）数字永生：记忆的数字化与永生想象 根据国外学者巴登、伯顿与泰勒的定义，数字永生指的是人死后主动或被动地以数字形式延续其存在的方式。如今的数字永生概念，汇集了哲学、文化、新闻和科技等多个领域的观念与实践。 在观念层面上，数字永生的重要预设在于：意识/记忆能够从身体中提取出来，从而组成数字化生命的信念。一方面，这一信念源于哲学、宗教对灵魂与身体关系的持续讨论。另一方面，每一次媒介技术的更新不仅是记录生命手段和载体的进步，同时也重塑了对待生命的观念。 数字永生的话题性很大程度上来自影视作品对意识/记忆上传的构想。例如美剧《上传新生》和《黑镜（第四季）》中，数字生命系统能够首先扫描读取大脑中的记忆或意识，随后以数据化的形式将个体的全方位特征还原出来，最后存储并构成一个独立的有意识的生命体。现实世界中，最近包小柏用AI“复活”女儿的新闻报道，也引起了人们对数字永生的关注。 在现有的技术层面上，数字永生的核心技术是以逝者的数字影像、对话数据等数字痕迹作为资源，借助AI的深度学习与自然语言处理等功能对逝者的交流习惯进行模拟。继承的依然是上述的AI程序与数字人的技术实现方式，还无法结合神经传输技术将性格、兴趣等生命体的全方位特征转移至数据载体之上。数字永生始终无法回避的问题就是：被数据化的意识/记忆能在多大程度上被宣称为一种“新生命”？ 三、数字死亡与数字生命政治：数字生命的权力关系及其批判 如前所述，虽然围绕着数字生命的技术实践展开，但AI程序、虚拟数字人和数字永生概念依然被不同程度地与人文社科研究结合起来：AI的崛起引发了学者对技术失控主题下AI造成的社会影响的担忧；而虚拟数字人和数字永生概念则被引至数字交往和数字记忆的论域。除此之外，数字死亡和数字生命政治则聚焦于生命数字化的创伤性实践和政治风险，从而将数字生命引至人文关怀与权力批判的主题上。 （一）数字死亡：“死亡”创伤与生死联结 如果说创造生命体和实现永生还停留在技术理想层面的话，那么数字生命起码在观念上已经将生命的定义延伸至数字交往的关系维度。同样地，死亡的概念也不可避免地受到影响。将“数字化”和“死亡”结合起来的数字死亡概念可以指代两种类型的实践：“数字化的死亡”和“死亡的数字化”。 “数字化的死亡”延续了从生物性死亡到社会性死亡的逻辑，意味着个人的数字身份、数字生存权的被剥夺。数字化死亡可能存在两方面原因：其一可能包括网站倒闭、技术更新导致账号与数据丢失，以及互联网平台对用户账号施加的永久封号。其二则主要由于网络暴力行为，用户被排除在网络社群甚至是整个数字共同体之外，其账号失去了在数字社会开展交往实践的权利。“死亡的数字化”则正好与“数字化的死亡”形成反向隐喻，它指的是死亡事件或逝者的数字化、媒介化在场，通常与数字遗骸、数字哀悼概念联系在一起。在社交媒体时代，许多研究者开始关注社交平台所搭建的公共讨论空间如何实现悼念功能以及与死者的情感交流。 （二）数字生命政治：以“生命”为媒的技术权力问题 与前几类涉及数字生命的概念均不同的是，数字生命政治更强调的是生命被数字技术异化的现象，因此实际上预设了“数字”同“生命”的对抗性，揭示了“技术—权力”以生命为核心中介的对主体施加影响的特殊形式，它表明数字技术已经嵌入围绕着生命展开的微观权力机制中。 在1976年的法兰西学院课程中，米歇尔·福柯提出了生命政治的概念。生命政治是一种旨在以复数形式的生命为对象的现代性权力形态，数字生命开始从单纯的技术内涵走向复杂的权力政治。生命的档案化、数据化就是数字生命政治的基础性治理机制，这意味着生命被建构成可记录、运算和分析的客体，个体间的异质性消散在数据逻辑中。其后果就是，数字系统搭建了一个比之前的任何生命治理模式看上去都更加中立、客观且复杂的“数的生命秩序”。 四、总结与反思 尤瓦尔·赫瓦利在《未来简史》中提出，在21世纪，数据主义带来了近代以来从未有过的重大观念革命，它让我们从以人为中心的人本主义走向以数据为中心，把人推到一边；但在另一方面，生命究竟能不能简化为数据流以及数据究竟如何能够产生意识和主观体验，目前还有待商榷。对数据主义的不同态度，恰好体现在数字生命概念所蕴含的技术现实与生命想象之间的张力之中。从人工智能程序到虚拟数字人再到数字永生，我们能够看到一脉相承的内在技术逻辑，即搭建不同形式的数据库资源，再依靠深度学习等AI技术对生命进行数字化的模拟。因此，这些概念在技术形式上并不完全边界分明，而是紧密关联且互相交织的。这些概念的划分依据实际上是它们代表的对未来生命形态的不同想象：具有自主意识的人工智能生命体、保留肉身并以意识形式存在于元宇宙中的赛博人、记忆上传后重新组成的意识永生。于是，在数字生命的广泛讨论中，始终存在着一种迷思性的悖论：人们对于创造生命和实现永恒的人文信念，却被寄托在了反人文主义的数据主义观念和数字技术之上。 作为研究者，我们的任务是防止数字生命的叙事/想象超越既有技术现实的限度。当然，我们也已经看到了更加务实的问题意识和研究路径，即从可迭代性、数字交往和数字记忆等维度上重新定义数字生命的内涵，并围绕这些概念重新思考人和技术的关系。正是这一思路的延伸，引发了数字死亡、数字生命政治对死亡创伤与社会权力等人文主题的关注。倘若要关注技术一侧，我们或许应当采纳西蒙东、许煜等技术哲学家的态度和建议：不要以人类自己的视角去类比、揣摩机器是否在思考或是否理解物的含义，而是应当深入技术物的设计环节与交互模式，探索技术物背后的存在论逻辑和物质性力量。立足于此，我们才能够更加清晰地预见技术与人文交织的生命数字化的未来。 （载《传媒观察》2024年第4期，原文约10000字，此为节选，注释从略，学术引用请参考原文，点击阅读“传媒观察杂志”公号全文） 【作者简介】 曾一果，暨南大学新闻与传播学院副院长，教授，博士生导师 昂振，暨南大学新闻与传播学院博士研究生 【基金项目】 本文为国家社科基金重大招标项目“数字媒介时代的文艺批评研究”（19ZDA269）的阶段性研究成果。 责编：王茹雅 版权和免责声明 版权声明： 凡来源为""交汇点、新华日报及其子报""或电头为""新华报业网""的稿件，均为新华报业网独家版权所有，未经许可不得转载或镜像；授权转载必须注明来源为""新华报业网""，并保留""新华报业网""的电头。 免责声明： 本站转载稿件仅代表作者个人观点，与新华报业网无关。其原创性以及文中陈述文字和内容未经本站证实，对本文以及其中全部或者部分内容、文字的真实性、完整性、及时性本站不作任何保证或者承诺，请读者仅作参考，并请自行核实相关内容。 新华日报 新华日报 扬子晚报 乡村干部报 南京晨报 江苏经济报 江苏法治报 江南时报 新苏商 扬子体育报 专题 视频 我AI的江苏｜“汪汪队”、无人机、“智慧大脑”……电力新科技出动，守护万家清凉 交汇点新闻 08/02 09:32 扫码下载 交汇点新闻APP Android版 iPhone版 分享到微信朋友圈 打开微信，点击底部的“发现”，使用 “扫一扫” 即可将网页分享到我的朋友圈。 分享到QQ 手机QQ扫描二维码，点击右上角 ··· 按钮分享到QQ好友或QQ空间 违法和不良信息举报 联系我们 江苏新华报业传媒集团有限公司 版权所有 未经允许 请勿复制或镜像 苏ICP备05012207号互联网新闻信息服务许可证32120170002号增值电信业务经营许可证苏B2-20140164"
怎样与人工智能共享未来？——《生命 3.0：在人工智能的时代为人》介评,https://www.tisi.org/15919/,未知,2024-11-21 17:09:35,en,智能生命,google,怎样与人工智能共享未来？——《生命 3.0：在人工智能的时代为人》介评 首页 最新成果 专题项目 科技向善 AI&Society 数字科技前沿应用趋势 WeCityX未来城市探索计划 研究领域 法律政策 数字社会 产业经济 关于腾讯研究院 | 首页 最新成果 专题项目 科技向善 AI&Society 数字科技前沿应用趋势 WeCityX未来城市探索计划 研究领域 法律政策 数字社会 产业经济 关于腾讯研究院 | 怎样与人工智能共享未来？——《生命 3.0：在人工智能的时代为人》介评 《互联网前沿》杂志|2017-08-18 这是一个最好的时代，这是一个最坏的时代； 这是一个智慧的年代，这是一个愚蠢的年代； 这是一个光明的季节，这是一个黑暗的季节； 这是希望之春，这是失望之冬； 人们面前应有尽有，人们面前一无所有； 人们正踏上天堂之路，人们正走向地狱之门。 在《双城记》的开篇，狄更斯曾用上面这段华丽的辞藻来形容故事发生的时代。现在，虽然距离《双城记》故事所处的时代已有两百多年，但如果借用这段文字来形容眼下这场“人工智能革命”，恐怕也颇为合适。 近年来，人工智能取得了突飞猛进的发展，迅速从“科幻”走进了现实，由此释放出的巨大生产力和给生活带来的巨大便利让人们对未来的生活充满了美好的憧憬和向往。但与此同时，人工智能的快速进步也引发了人们的焦虑。尤其是当AlphaGo以碾压性的姿态横扫了人类围棋顶尖高手，而其后继者AlphaGo Zero又以碾压性的姿态横扫了AlphaGo后，人们不禁惊呼：“‘奇点’可能就要来了！人类的荣光可能就要被人工智能取代了！” 那么，“奇点”到底会不会来？人工智能会不会超越人类？如果会，会是什么时候，这会给人们带来什么？面对日益强大的人工智能，人类又该如何应对？关于这些问题，目前已经有很多的著作加以了探讨，而《生命3.0》（Life 3.0）就是这些著作中极为杰出的之一。 《生命3.0》的作者是麻省理工学院的物理学教授马克斯?泰格马克（Max Tagmark）。作为一名学者，泰格马克的研究领域非常宽广，他既是平行宇宙研究的权威，也是人工智能领域的代表人物。广阔的研究视野和深厚的学术修养让泰格马克得以用更为宏大的视角来审视目前的这场“人工智能革命”，这就使得《生命3.0》一书中的结论要比同类作品更为深刻、更为令人震撼。与此同时，泰格马克在行文中又充分发挥了一名宇宙学家天马行空的形象力，从而让原本枯燥的内容得以用极为生动的文字表达出来。因此，与其说《生命3.0》是一本书，倒不如说它是三本书——一本人工智能科普书、一本应对人工智能相关问题的指南，以及一本科幻小说的合体。由于有了这些优点，《生命3.0》上线仅一天就登上了亚马逊人工智能和机器学习类图书排行榜的首位。包括斯蒂芬?霍金（Stephen Hawking）、埃隆?马斯克（Elon Musk）在内的众多名人都专门为该书写了评论、做了推荐。 生命的三种形式 通常，一部关于人工智能的图书都会从这一技术的起源讲起，但泰格马克却选择了一种完全不同的开场方法。在《生命3.0》一书的开头，他就把读者引向了一个古老、深刻得多的问题——什么是生命？关于这个问题，已有很多智者哲人给出过答案。作为物理学家，泰格马克对此给出了一个颇为“物理”的定义：所谓生命，就是维持复杂性和复制性的过程。根据这一定义，如果一件事物具有一定的复杂性，或者说具有某种特定的、非随机的结构，并且可以进行复制，那么它就是具有生命的——无论这一事物碳基的，还是硅基的，甚至是以比特形式存在的。 在泰格马克看来，生命的发展史可以分为三个阶段：生命1.0、生命2.0和生命3.0。 生命1.0指的是既不能更新其“硬件”，也不能更新其“软件”的生命形式。生命1.0的代表是细菌，在一个细菌的生命周期内，它既不能主动对其身体的结构进行改变，也不能对其行为模式进行调整。它在“硬件”和“软件”上的变化都只能是种群意义上的、通过自然选择进行的，而不是个体意义上的、通过设计得到的。 生命2.0指的是不能更新“硬件”，但可以更新“软件”的生命形式。人类就是典型的生命2.0物种——在一个人的一生中，它很难对自己的身体做出调整（除非通过外科手术），但是可以通过学习、习惯养成等来调节自己的行为模式。 生命3.0指的是既可以更新“硬件”，也可以更新“软件”的生命形式。想象一下，如果在某一天，我们制造出了具有智能的机器人。那么，这个机器人既可以通过升级更新自己的软件，也可以通过替换零件来更新硬件。如果做到了这两点，这个机器人就是生命3.0。 当然，在生命的各阶段之间，是存在着一定的连续性的。例如，老鼠可以一定的改变习惯的能力，因此就可以视为生命1.2，而人类在未来可以通过基因工程改造自身的身体结构，因此就有可能进化到生命2.1或者2.2。 如果我们接受了泰格马克对于生命阶段的这种划分，那么怎么对待人工智能就变成了如何和一个新物种共存的问题——尽管这种物种至今还没出现，但我们必须先学会和它们打交道。 关于人工智能的四种观点 人工智能可能是最有希望的生命3.0候选者。作为一个潜在的新物种，它可能会具有与人类相当，或者超过人类的智能，而这就是当前人们对其的一切希望和疑虑的源头。 这里，我们需要对“智能”多作几句解释。什么是智能呢？简而言之，它就是达成复杂目标的能力。目前，人工智能已经可以在某些领域，如围棋、法律查询等方面达成相关的目标，但还不能像人那样在更为一般性的范围内达成目标。根据相关学科的定义，这种局限于某些特定范围的智能被称为“弱人工智能”。一旦人工智能拥有了和人一样的处理一般性问题的能力，它就成为了“强人工智能”。而一旦人工智能对问题的处理能力超过了人类，它就成为了“超人工智能”。 一般来说，“弱人工智能”仍然只是帮助人们工作的工具，人们只需要用过去对待工具的观点来加以对待就行了。但一旦“强人工智能”甚至“超人工智能”出现了，情况就会有很大不同。那么，“强人工智能”和 “超人工智能”究竟会不会出现？作为生命2.0的物种，我们又应该如何面对这样的生命3.0物种呢？关于这些问题，社会各界展开了激烈的争论。 根据观点的不同，争论的参与者大体可以被分为四类： 第一类是卢德主义者（Luddites）。这类人认为，人工智能可能会在较短时期内超越人类，而这将会给人们造成巨大的灾难。为了防止这种灾难，人们应该禁止与人工智能相关的研究。 第二类是数字乌托邦主义者（Digital Utopians）。这类人认为，人工智能将在较短时期内超越人类，而这将会给人们带来巨大的福祉，因此必须大力加强人工智能研究。“奇点”概念的提出者、未来学家雷?库茨韦尔（Ray Kurzweil）、谷歌的创始人拉里?佩奇（Larry Page）和谢尔盖?布林（Sergey Brin），都是数字乌托邦主义的代表人。 第三类是技术怀疑论者（Techno-Skeptics）。在他们看来，人工智能根本不可能在短期内超越人类，因此去考虑如何应对由此产生的问题无异于杞人忧天。百度的首席科学家吴恩达（Andrew Ng）就是技术怀疑论的代表，他曾风趣地说“担心杀人机器人的崛起，就好像担心火星人口过剩一样！” 第四类是“有益的人工智能运动”（Beneficial AI Movement）。 持这种观点的人既不像卢德主义者那样焦虑，也不像数字乌托邦主义者那样乐观，更不像技术怀疑论者那样认为“奇点”遥不可及。在他们看来，随着技术的进步，根据现有的技术趋势，“强人工智能”和“超人工智能”的出现已经在所难免，在较短的时间内，它们就可能出现在我们面前。对于人工智能的排斥和抗拒既无济于事，也毫无必要——这就好像原始人类对火进行抗拒一样。相比之下，在人工智能超越人类之前未雨绸缪，对可能发生的各种问题提前做好预案，让人工智能更好地为人们服务应该是更为可取的。包括比尔?盖茨（Bill Gates）、斯蒂芬?霍金、埃隆?马斯克在内的众多名人都倾向于“有益的人工智能运动”的观点。 在以上四种观点中，泰格马克比较倾向于最后一种。作为一名研究宇宙科学出身的学者，他深信新生命形态的出现不可抗拒。既然不可抗拒，那么提前做好和它们共处共生的准备。事实上，正如副标题“在人工智能时代为人”所表露的一样，《生命3.0》反映的正是泰格马克思索人类与人工智能共处的方式的思考。 近忧与远虑 人类要学会和人工智能共处，就必须首先考虑这种共处会出现怎样的情况、带来哪些问题。在《生命3.0》一书中，泰格马克花了很大的篇幅对此进行了想象，其时间跨度从最近几十年一直到了几十亿年之后。 1.近忧 在最近的一段时间内，人类依然可以在和人工智能的博弈中处于主导地位。因此，在这一阶段，人类需要面临的问题就是如何用好人工智能来为自己服务。作为工具，人工智能的力量固然强大，但力量本身也有其阴暗面，如不加防备，它完全可能对人造成巨大损害。 一个例子是人工智能对就业的影响。目前，人工智能已经可以取代很多的人力劳动，这固然可以让人们从繁重的工作中解脱出来，有更多的时间享受生活，但它也意味着很多人会因此而砸掉饭碗。例如，经济学家弗雷和奥斯本就预测，人工智能会在未来替代美国47%的就业岗位，其影响将十分巨大。乐观的人或许会对这种预言不屑一顾，因为从历史的经验看，无论是蒸汽机的产生，还是电气化的普及，虽然都对就业产生了重大冲击，但很多新工作也随之产生，这让就业岗位在总体上并没有减少。对于这种乐观，泰格马克给予了警醒。他指出，这次的情况可能完全不同——事实上，从美国现在的就业结构看，只有很少一部分的就业岗位是最近才出现的，在就业中占据很大比例的都是传统职业。他很怀疑，当面临“人工智能革命”的冲击，新产生的就业岗位究竟是否能和过去那样足以弥补消失的岗位。 另一个例子是自主武器。目前，战场上的武器都是需要人类操控的，因此在反应能力、效率等方面都会受到很大的局限。而操作武器的士兵的伤亡也在所难免。有人工智能控制的智能武器的出现在很大程度上可以解决以上问题。它不仅将大大提升武器的效率，还能够大幅减少士兵的伤亡，因此对于军队来讲将是一个巨大的福音。但与此同时，这种技术如果落入恐怖分子，或者独裁者的手中，那将是灾难性的。 在书中，泰格马克还列举了很多类似的例子，提醒人们必须要在技术、伦理、法律等多个方面对人工智能的发展做好应对。只有如此，才能直面近期可能出现的很多问题。 2.远虑 一旦把视野投放到更为遥远的未来，那么人工智能能够带来的可能就更多、更难以预测了。在书中，泰格马克以一种科幻小说式的叙事推演了人工智能高度发达后给人类社会带来的种种可能结果。 在最理想的情境中，人们对人工智能进行了严格的限制，将其牢牢控制在了一定的范围当中。在这种情况下，人工智能将会帮助人们达成很多梦寐以求的目标，例如消灭贫困，让所有人都实现富裕等。 但是，理想的状况可能是十分脆弱的，稍有偏差，事情就可能朝着人们不想看到的方向发展。首先，如果人工智能的智能水平已经和人类齐平或者超越了人类，那么人类对其的控制可能十分困难。就像电影“机械姬”中描述的那样，机器人可能拥有人们的情感越狱，最终反制人类。其次，即使人工智能不能从人类的监控下成功越狱，但对于人工智能拥有控制权本身的人也会成为危险的源头。一旦控制人工智能的人萌发了野心，那么他就可以一步步成为一名独裁者，而人工智能则会成为他的帮凶。再次，即使人工智能没有被恶人控制，并且其本身也遵守“保护人类”等基本规则。但是一旦它的智能变得远远凌驾于人类，那么它和人类之间的彼此地位就会颠倒。人类将成为动物园中的动物，而人工智能将会成为动物园的看守。 总而言之，在泰格马克看来，只要一招不慎，“强人工智能”和“超人工智能”就可能给人带来噩梦。那么，是否有可能防止这种噩梦呢？答案当然是肯定的——放弃现代技术，或者通过核战争进行自我毁灭都可以达到这个目的，但这些显然都不是人们愿意看到的。因此，更为科学、更为现实的态度，就是学会和人工智能共存，用最大的可能让它来为人们造福。 目标和意识 在对人工智能可能带来的影响进行了一番长长的畅想和思考后，泰格马克将注意力集中到了两个技术性和哲学性颇强的问题上。 1.目标 第一个问题是，如何让人工智能保持和人类一致的目标（Goal）。从某种意义上讲，宇宙的万事万物都有其目标——根据“熵增定律”，从秩序变为混乱，让熵不断增加就是万物的基本目标。在生命产生后，不断复制就是它的目标。而在人类等高级生命产生后，其追求的目标就由单一转化为了多元。受可调动资源和计算能力的限制，人们并不能对所有目标都进行彻底的优化，因此人们就发展出了一系列的“拇指法则”来帮助目标的达成，例如饥饿的时候会进食、累了会休息等。 对于人类而言，选择和达成复杂的目标并不是问题，但如果想让人工智能也拥有同样的目标达成能力，就是十分困难的。首先，对人工智能植入相关的目标就很困难。当人工智能的水平较低时，它可能难以理解人的目标，而当人工智能的水平很高时，它对于目标会有自己的评判，人也很难让它根据自己的目标行事。其次，人可以通过直觉和拇指法则来学习、达成目标，但人工智能很可能会误解这种目标。例如，如果是人类，看到消防员冒险进入火场去抢救孩子，都马上会知道这是为了抢救孩子的安全。但人工智能则可能误解这只是消防员为了取暖。再次，从长期看，人工智能的目标可能并不会和人类一致。就像当孩子长大后，他们会对家长过去对自己的教诲产生怀疑，当“超人工智能”出现后，他们很可能认为人类曾经给自己输入的目标过于幼稚，进而发展出属于自己的新目标。 总而言之，要让人工智能保持和人类一致的目标是困难的。在书中，泰格马克并没有给出破解这一问题的答案，但其提出的问题确实值得人们深思。 2.意识 第二个问题是，人们应该如何面对人工智能可能发展出的意识（Consciousness）。从古至今，关于什么是“意识”就存在着很大的争论。在书中，泰格马克将意识定义为自我体验（Self Experience）。值得注意的是，这种自我体验无需要和行动联系在一起。例如，一个瘫痪的人不能动，但他可以有感觉，所以他依然是有意识的。 那么，从科学的意义上，意识的本质又是什么呢？在书中，泰格马克借用了神经学家朱利奥?托诺尼（Guilio Tononi）提出的“整合信息理论”（Integrated Information Theory）。根据这一理论，一个物理系统如果要具有意识，需要达到两个条件：一是这个系统必须具有丰富的信息；二是这个系统必须有高度的整合特征。举例来说，虽然人的大脑和电脑的硬盘都可以占有十分丰富的信息，但是在大脑每次接收信息的时候，都会生成数十亿的交叉连接，因此具有很高的整合性。当人们接受到大量的信息，例如一段动画后，很难将其重新分解为一幅幅画面、一个个像素。而硬盘则不具有这个特点。从这个意义上讲，人脑是有意识的，而硬盘则没有。 如果我们接受了“整合信息理论”，那么我们就至少应该在理论上确知意识未必只能是人类所特有的，人工智能也可以发展出自己的意识——当然，这种意识的形式可能与我们理解的大不相同。并且根据相关的物理特性，一旦人工智能发展出了意识，它的范围可能比人类的更为宽广。 或许在很多人看来，这个结论是十分令人沮丧的，因为它否定了人类的独特性。但泰格马克则认为，认识到人类的意识并非唯一，事实上是给了人们一个很好的反思机会。人类正好运用这个机会学会谦卑，学会去理解世界、理解生命的意义。 平行宇宙，多种可能 从总体来说，《生命3.0》是一部十分烧脑的书。书中充斥着来自各个学科的大量术语，要彻底读懂它并不容易。但是，其精彩的内容和优美的文笔又着实让人难以释卷。在跟随泰格马克的思路读完这部书后，我们就对人工智能的前世今生和未来完成了一次巡礼，我们对其的认识将会大为加深。 从学科背景上讲，泰格马克是一位平行宇宙的专家，事实上，他在书中讲述的人工智能可能带来的种种后果也已被看作是各种不同的平行宇宙。按照相关理论，不同的选择会诞生不同的平行宇宙，因此我们最终将踏上天堂之路，还是将走向地狱之门，都取决于我们现在做了些什么。显然，在泰格马克看来，尽管我们不能确知未来会如何，但如果我们提前加强相关研究，对一些问题做好预案，那么让作为生命2.0的人类和作为生命3.0的人工智能和谐共处的概率就增加了几分。 至于剩下的……或许我们只能等待与希望！ 更多精彩内容 欢迎关注腾讯研究院 微信公众号、腾讯视频号 微信扫一扫：分享微信里点“发现”，扫一下二维码便可将本文分享至朋友圈。 理解腾讯 理解互联网 理解数字社会 微信公众号 腾讯视频号 本站系非盈利性学术网站，所有文章约为学术研究用途，如有任何权利问题，请直接与我们联系。Copyright © 1998 Tencent All Rights Reserved 粤B2-20090059
马维英：人工智能赋能生命科学-清华大学教育基金会,https://www.tuef.tsinghua.edu.cn/info/1009/1744.htm,"Mon, 05 Aug 2024 06:03:52 GMT",2024-11-21 17:10:16,zh-CN,智能生命,google,马维英：人工智能赋能生命科学-清华大学教育基金会 English 理事长致辞 党建园地 新闻中心 项目展示 2023年度 2022年度 2021年度 公益文化 香远益清 春华秋实 同道者说 师说新语 公益讲堂 理论前沿 信息公开 基本信息 规章制度 年度工作报告 年度审计报告 捐赠名单 常见问题 English 马维英：人工智能赋能生命科学 2023.05.10 从茹毛饮血的原始社会，到刀耕火种的农耕时期；从以蒸汽机为代表的“蒸汽时代”，到以电器的广泛应用为代表的“电气时代”，每一次科技发展带来生产工具的进步，都极大地推动了社会生产力的发展，对人类社会的发展产生深远的影响。 当今社会，信息时代电子计算机的诞生延伸了我们的脑力，拓宽了我们的眼界和思想。而人工智能和医药科学技术，这两个看似平行的研究领域，正逐步走向交叉与融合：人工智能已成为“工具”，逐渐渗透人类的健康生活，甚至生物医药研发的各个领域，代替人类进行重复性工作，越来越多的造福人类生命健康。那么，如何能够通过信息技术进一步促进生物医药科学的发展？如何通过跨学科的交叉融合推动人工智能多维度、多角度和深层次的认知发展，从而把握信息革命的“时”与“势”，助力推动信息科技强国下的生物医药技术？ 我们今天就听一听清华大学智能产业研究院（AIR）惠妍讲席教授、首席科学家马维英教授，为我们解答如何发挥AI在生物学医学研究中的优势，AI与医药、健康领域的科学家结合的方式是什么，智能产业研究院未来在研究方向上有什么布局等一系列前沿问题。 Q 智能产业研究院（AIR）在人工智能及相关产业和研究领域，自己的关注点或者跟其他机构的不同之处在哪里？ 马维英：今天是人工智能带来的第四次的工业革命，在这个大的背景下，我们认识到人工智能其实对各个产业都能够起到一个重新定义跟颠覆式创新的机会。从清华大学角度来看，我们也进入到一个新的时期，特别是能够以科研驱动的创业创新，作为新时代的对于国家重大需求，还有科技发展、生命健康，各个方面，高校可以承担更大的任务。这个任务就要求我们围绕着以核心关键技术，可以说是硬科技为主的研发跟创新。这跟传统的过去中国二十年互联网的创新还是非常不同，因为这块需要很深度的科研，然后在技术上能进一步突破，能进一步再产业化。 清华大学在这样一个关键时间点，我们有全国最优秀的人才，全国最优秀的科研老师，我们可以一起跟产业做一个协同合作创新，所以清华大学成立了智能产业研究院，我们的定位就是一个国际化、智能化、产业化的新型的研究机构，希望借着高校和企业创新的双引擎，架起一座桥梁，可以把两边的人才与应用场景、数据、资源串联在一起，为国家的重大发展机遇提供我们最大的支持与帮助。 Q 智能产业研究院（AIR）在方向布局上有一些更进一步的考虑吗？ 马维英：目前我们的三个主要的科研垂直方向，比较偏应用：1.智慧交通；2.智慧物联；3.智慧医疗。智慧医疗领域，我们看到的是一个大的产业发展的机会，今天整个生物世界也在进一步地被数字化，生物学原来的实验，也有可能进一步用AI来自动化、规模化、高通量地去产生更大的生物学实验的数据，进一步让数字生物能够用智能科学计算的方法去光速推进。因为我原来在软件产业二十几年，我深刻体验到，软件产业特别是在2000年初时，大家都在说软件正在蚕食侵吞全世界，那个时代是在走一个数字化的过程，万物一旦被数字化，我们就可以用计算来光速推进一个原来旷日费时的流程。原来的出版业变成数字图书馆，有搜索引擎，后来就有广告和内容之间光速的交易，进入到了电商。所以，可以看到先数字化，数字化之后就计算，计算之后就有智能化，人工智能其实是先把软件产业又进一步升级了，是什么意思呢？原来的软件要靠人去写，现在的软件的本质是一个非常大的模型，例如机器学习深度网络模型，它可以模拟很多非常复杂的功能。只要有足够大的数据就可以学中间的表达方式，以数据来写软件，这个数据越大，写出来的软件越智能，这是一个正循环，像摩尔定律一样，这也是一种降维打击，把一个原来就在颠覆全世界的软件技术，进一步升级成为AI，它就可以更快速地进入到各个行业，包含今天我刚刚讲的生物医药、生命科学，这个领域也进入到全新的时代。 Q 目前您正在做的生物医疗技术的研究，是一个什么状况呢？ 马维英：我觉得我们今天其实是在做“药物开发”。我们做四种药，第一种叫数字药，可以说是AI增强个人健康。怎样用AI让今天每个人可以更好地管理他的健康，是一种预防性的、主动参与的、个性化的闭环，能够让各式各样的可穿戴式设备和智能手机成为人们维护他健康的重要一环，我们称之为数字疗法，或“数字药”。我们现在可以从每个人每天的生活或行动，积累更多有关他的个人健康数据，如果加以有效利用就可以对他的生活习惯、饮食习惯产生积极的影响。例如他的个人营养管理，通过计算营养摄入，在特定条件下主动向他推荐食物。又或者孕妇如何在孕期更好地管理健康，让胎儿更聪明、更健康地发育；慢性病患者，例如糖尿病，也可以用数字疗法来干预。因为医生不可能一天到晚跟着你，但现在有可穿戴式设备和智能手机，就相当于有一个智能的个性化助理，而且这个数据一旦累计下来，越多人用就越智能，用得越多，它也个性化、越了解你更多，越智能，也就更了解你的健康行为。 第二种，更多地进入科学计算了，我们现在可以用AI的方法来尝试合成化合物，例如说化学药物，小分子药，一般它的设计是根据靶点，研发靶向药。这里的问题是如何用大数据，让机器学习如何合成一个化合物，或者一个小分子药，能够符合一定的特性。还可以进入到生物药，大分子药，我们最近知道的蛋白质结构预测和蛋白质工程，以及抗体设计，也可以用AI去优化和设计其三维结构及其功能，甚至抗原跟抗体怎么结合，也可以计算获得。所以现在的化学计算变成AI for化学，生物计算变成AI for生物。我们可以在制药这个环节，特别是化学药和生物药两方面，以数据驱动的算法来优化整个AI制药的流程。传统的制药是非常旷日费时的，平均每生产一种药需要十年，投入大概25亿美金，它的成功机率是极低的，通常要从几万种药中筛出最合适的药，这个流程使今天的新药研发非常慢：首先你要有靶点，有了靶点再找苗头化合物，然后找先导化合物，再去优化，开展动物实验，最后做临床验证。那么今天AI怎样能够帮助找靶点的发现和理解呢？比如人类目前对世界上现存的大部分靶点都没有很深刻的理解，那么我可以用AI，对更多未知的靶点进行更好地研究，更多的靶点可以做更多的药，用AI来算几何结构，算它的化学属性，或者是蛋白质序列成为三维结构的属性，AI已经展现出潜力，临床都可以AI来更好地识别目标病人。所以，我们相信可以让这整个环节重新被颠覆。 Q 如何发挥AI在生物学医学研究中的优势？ 马维英：AI其实在药物筛选的过程中，就能预测这个药物在后期的临床表现，成功概率更高的这些药物，能够被识别出来，所以它也能够增加后面的成功率。第二个我认为也是未来的一大趋势之一，就是“干湿闭环”。今天这些生物学家会有他的一些假设，他在这个流程中去设计一些“湿实验”，来验证他的正例。我们想象如果今天可以重新设计一个生物学实验，但是以AI模型的进化不断地迭代所需的数据，来设计的生物学实验，那它的定位就不一样。我们是不是可以重新设计一个所谓现在生物学实验的范式，每一位科学家都配备一位AI助手，帮助他探索一些原来不擅长，特别是在大数据、高维空间里找低维结构的相关性，而这刚好是计算机、AI擅长的。目前数据并没有被很好地利用起来，数据的质量、结构化以及共享在这个领域还处于非常初期的阶段。所以，我认为AI在生命科学领域的创新还刚刚开始，非常具有发展前景。 Q 我们要跟医药、健康领域结合，想跟这些科学家结合，我们结合的方式是什么？ 马维英：我们也经过一段时间探索，其实有好几个领域是非常紧密相关的。第一个是医学，第二个是基因，第三是制药，第四个是传统的生物化学领域，第五个是AI，这几个都处于一种独立割裂的（状态），并没有太多的交流沟通，所以它到目前为止都是各自在发展。但是我们可以想一下，如果能推动整个环节形成闭环，从基因开始，到最后研究病理学，它到底为什么生病，什么样的基因突变了导致什么样的癌症。例如，如何找到更好的靶向药，从药物的设计到最后的临床试验，如果可以用AI在每个环节不断辅助闭环之后，那就打通了原来五个独立的学科。目前，部分生物化学领域开始用AI，但还是停留在浅层应用，数据集基本没有被标准化，不能形成可以共享的数据集，数据孤岛的情况非常严重。我觉得目前在生命科学这个领域还比较欠缺这样的标准数据集和标准的任务，以及一些好的实践方案，能够促进两方的交流。 因此，我们有一个“破壁计划”，就是打破生命科学和AI学科间的壁垒，又称Bridge to Life Science，Bridge to AI，因为两边都是要搭桥，要破壁。当前跨界人才极稀缺，这也正是机会。我们今天常常说某些领域非常红海，非常内卷了，但是我必须说，AI进入到生命科学和生命医药领域，这基本上是个蓝海，也是我们希望在这个阶段能够去培养更多这方面的人才，特别是在清华大学，我们认为这是下一个世纪的特别有价值的人才。我们这个“破壁计划”把两边的专家、科学家联系起来，一起共同定义生命科学领域里面的重要课题，因为我们还是需要有他们（生命科学领域的专家）来帮我们定义哪些问题是真正有价值，并通过合作，最终能够形成比较标准的数据集并公开，能让大家在一个共同的数据集上去彼此把科研的结果共享，我相信这个领域的发展也会大大地加速。 Q 对于做交叉或者跨学科的研究来讲，一种模式是将两个知识阵营的人放到一起来；另外一种，就是直接培养出具有两个知识体系糅合或融合的人；这两类人做类似跨学科的研究，他们的特点和承担角色会有什么差异吗？ 马维英：目前的确处于比较早期的阶段，所以需要找到另外一个合作伙伴，相对更Open minded，同时也更互补。例如他们那边（生命科学领域）的确很缺AI的人才和能力，因此对于跨界合作更渴慕。我举个例子，2021年大概在暑假期间，我们与清华医学院张林琦教授团队合作，当时我们就在想能不能试着用AI来优化、重新设计新冠的综合抗体，我们做了一件什么事呢？张林琦老师把一个“三流的抗体”，就是这个抗体不够好，所以最终没有成为候选药物，给了我们，我们就在这个三流抗体的结构上用蛋白质工程和AI技术去优化它的表位。大家知道，抗体跟抗原结合它有一个区域，大概是20几个氨基酸的位置，大家不要以为只有20几个氨基酸，因为有20种氨基酸，相当于它是20的20次方的一个非常大的可能性的空间，怎样找到这20个的组合，最后形成有效的三维结构。我们就用AI把这个三流的抗体优化成了一流的抗体，我们目前在体外的试验验证它的综合性、广谱性，超过了目前市面上现有最好的抗体。这是一个很大的突破，张林琦教授当时看到这个结果都不敢相信，他看到了一个未来，就是用计算、AI加上原来生物学的方法，我们的确能够用极短的时间设计出一个抗体，这也是人类历史第一次。 今天我们做的第一个AI设计的新冠抗体，不但本身非常具有划时代意义，甚至它可能还对药物递送、癌症治疗都是一种非常创新机制的启发，这是非常令人兴奋的。我们智能产业研究院的AI研究团队，与医学院张林琦教授团队的医学、生物领域的人才一同合作是非常紧密的，紧密到每周都开会讨论，我们（AIR团队）计算算一周，（张教授团队）生物学实验两周，然后再回来，我们再算一周，他们再两周，我们等于第一次把干、湿实验闭环，这一次基本上显示了一个成功的案例。我觉得这也代表和预示着，更多跨界可以带来的一种创新，它的可能性是非常大的。 Q 我们现在作为一个清华同时也是跟产业连接的平台，我们主要的合作伙伴或者说产业界给予我们支持有哪些？ 马维英：自从我们成立之后，有非常多的外部企业或者创业公司都来找我们探索这种合作的方式，我们有非常多的合作伙伴，目前正在进一步讨论，细化具体的合作方案。譬如我们跟北京智源研究院联合成立了“健康计算的研究中心”，这个研究中心的目标就是针对刚刚讲的数字疗法，就是用AI来增强个人健康，成为将来医院跟医生与病患中间非常重要的一环。另外，我们自己孵化了一家新的创业公司，叫做华深智药，这家公司最近也参与了我们AI设计的新冠综合抗体等等。 清华大学惠妍人才基金 2019年12月8日，在清华大学教育基金会惠妍人才基金支持下，清华大学设立“清华大学惠妍讲席教授”席位，支持新引进的长聘教授或首席研究员，包括但不限于人工智能、机器人、数据科学等学科领域。2021年，已聘任智能产业研究院首席研究员马维英博士、医学院首席研究员张宗久博士、计算机系季铮锋教授为“清华大学惠妍讲席教授”。此外，2021年，惠妍人才基金还资助了十位在人工智能、机器人和数据科学相关领域的优秀人才。感谢广东省国强公益基金会的捐赠支持。 马维英，清华大学惠妍讲席教授、清华大学智能产业研究院首席科学家。马维英博士现任清华大学惠妍讲席教授、智能产业研究院首席科学家。他的研究方向包括人工智能的几个核心领域（机器学习、自然语言理解与生成、搜索与推荐系统、计算机视觉、大数据挖掘）以及人工智能在生命科学、生物制药、及精准医疗等领域的跨学科研究与应用。他此前曾任字节跳动副总裁兼人工智能实验室主任、前微软亚洲研究院常务副院长。 马博士曾在世界级会议和学报上发表过逾300篇论文，并拥有160多项技术专利。他是电气电子工程师学会会士（IEEE Fellow），曾任国际信息检索大会（SIGIR 2011）联合主席、国际互联网大会（WWW 2008）的程序委员会联合主席。他于2017年获得吴文俊人工智能科学技术奖二等奖，并曾入选Guide2Research 2018年计算机科学领域TOP100科学家，全球排名86。 返回 推荐阅读 2023.09.22 团结奋发，成才报国 | 新疆大学举行“好读书”奖学金捐赠仪式 2023.09.13 得天下英才而育之 | 清华基金会举办人才培养主题“感知日”活动 2023.08.09 清华大学纪念曹光彪先生座谈会暨“曹光彪先生纪念基金”设立仪式举行 2023.05.26 千帆竞发 行见中外 | 方若凡、黄靓校友伉俪捐赠支持学生实践探索，开拓视野 2023.05.10 王玉明院士捐赠个人奖金并牵头设立科技强基奖励金， 39家企业和20位个人襄助 北京市海淀区中关村东路1号院3号楼12层1201 清华大学教育基金会 邮编：100084 联系电话： 资源开发部:(8610) 62783786 战略研究部: (8610)62780779 项目管理部:(8610) 62797255 捐赠服务部:(8610)62782779 综合办公室:(8610) 62794587 公共关系部:(8610) 62789633 财务部:(8610)62794861/627894260 Email: tuef@tsinghua.edu.cn 传真:(8610)62785959 视频号 微信订阅号 微信服务号 相关链接 清华大学 清华北美教育基金会 清华校友总会 版权所有 © 清华大学教育基金会
智源天演人工智能生命模拟工程-高精度生命智能模拟启发通用AI-智源研究院官网,https://www.baai.ac.cn/portal/list/index/id/45.html,未知,2024-11-21 17:10:27,未知,智能生命,google,"智源天演人工智能生命模拟工程-高精度生命智能模拟启发通用AI-智源研究院官网 新闻 科研 科研项目 研究中心 基础模型研究中心 生命模拟研究中心 自主医学检查系统研究中心 健康计算研究中心 千方智慧医疗研究中心 智源学者 人工智能的数理基础 机器学习 智能信息检索与挖掘 智能体系架构与芯片 自然语言处理 人工智能的认知神经基础 自由探索 产业 生态 关于我们 加入智源 EN EN 新闻 科研 科研项目 研究中心 基础模型研究中心 生命模拟研究中心 自主医学检查系统研究中心 健康计算研究中心 千方智慧医疗研究中心 智源学者 人工智能的数理基础 机器学习 智能信息检索与挖掘 智能体系架构与芯片 自然语言处理 人工智能的认知神经基础 自由探索 产业 生态 关于我们 加入智源 天宝1.0 精度最高智能线虫迈出智能生命关键一步 天宝1.0以秀丽线虫为蓝本，是目前已知领域生物精度最高的仿真线虫模型，迈出了从生命智能到智能生命的关键一步。 天宝模型突破神经系统与肌肉动力学结合的关键技术，可在独创的高效、大规模三维流体仿真环境中动态蠕动前行，初步表现出类似生物线虫的趋利（食物）避害（毒物）能力，在国际前沿生物神经元精细模拟领域具有明显引领作用。 了解更多 高精度小鼠纹状体模型仿真 借助天演平台，团队生成了具有2亿个舱室、10亿个突触、100万个神经元的小鼠精细纹状体模型，并在集群中实现了高效仿真，在时间步长为0.025秒的情况下，仿真1秒钟的生物时间仅需要40分钟。 天演展望 通过对生物智能进行高精度仿真，来探索智能的本质，进而推动由生物启发的通用智能。以开发软硬件一体化的高精度生命模拟仿真平台为核心，充分发挥智源算力平台优势，构建高精度生命模型，从本质上探索智能的产生过程并推动人工智能产业研究。 最新动态 科技日报：高精度智能线虫诞生可蠕动前行 2022年06月14日 新华社：点赞！高精度仿真""智能生命""成功实现蠕动前行 2022年06月01日 机器之心：智源研究院发布仿真秀丽线虫天宝1.0：达到当前最高生物精度，走出生命智能到智能生命「关键一步」 2022年06月01日 北京日报：迈出智能生命研究关键一步，精度最高“智能线虫”诞生 2022年06月01日 可动态蠕动前行！高精度“智能线虫”诞生 （今日头条） 2022年06月01日 press@baai.ac.cn 010-50955974 “悟道”人工智能大模型项目 “天演”人工智能生命模拟工程 九鼎智算平台 FlagOpen飞智大模型技术开源体系 智源社区 智源大会 关于我们 加入智源 关注我们 法律条款 隐私条款 ©2022 北京智源人工智能研究院 京ICP备19012194号-1 京公网安备11010802045062"
自然生命与人工智能生命共生的原则 | AI4SDGs Think Tank,https://ai-for-sdgs.academy/principles-on-symbiosis-for-natural-life-and-living-ai/cn,未知,2024-11-21 17:10:29,en,智能生命,google,自然生命与人工智能生命共生的原则 | AI4SDGs Think Tank AI for Sustainable Development Goals (AI4SDGs) Think Tank Home (current) Observatory Submit Research Program Cooperation Network About Log in English Version 自然生命与人工智能生命共生的原则 2023年1月29日 人工智能与增强智能的发展将使生命呈现多样化发展的形式，以人类为中心的人工智能、增强智能的发展愿景需要尽早重新审视并尽可能做更好的准备以应对未来的变革。在未来社会中，人工智能、增强智能、数字技术、脑与神经科学的发展将很有可能使我们生存的地球上出现智能水平达到甚至超越自然演化缔造的人类的智能生命，传统意义上的人类也很可能将不再处于智能金字塔的最顶端。人类如何与包括其自身、非人动物、植物等自然生命以及其他类型的人工智能生命共同形成可持续共生社会是关乎人类存在性的重要议题，这将在给人类生存带来根本性挑战的同时也带来人类发展的变革性机遇。 可持续共生社会“基于人类”的核心 可持续共生社会中，机器与人类是构造未来智能生命的两个起点。以人类智能和受人类启发的智能这两种形式存在的智能生命将呈现不同的发展模式和可能的未来，尽管其并非可持续共生社会生命形式的全部。我们暂时以现代人类的视角将下述可能的智能生命形式定义为“基于人类”的核心。 一方面，以人类作为起点出发，自然演化缔造的人类虽然并没有停止演化，但是演化的速度相对而言极为有限。增强智能赋能的人类是通过脑机融合等增强智能技术扩展的人类。数字人类则是通过数字克隆，脑与心智模拟，意识上传等未来技术在数字世界对自然人类真正意义的克隆，是人类在数字世界中的化身。另一方面，以机器作为起点出发，受人类智能启发构造的人工智能将呈现出多种不同的发展目标和路径。构造看似智能的信息处理工具的努力将产生机器智能(延续目前绝大多数人工智能)，这里将机器智能定义为没有生命的智能计算系统。机器智能也是受人类启发的智能，虽然它处于较低的智能水平。人类启发的智能另外两种形式是通用人工智能和超级智能。通用人工智能是认知能力的方方面面达到人类水平的人工智能。超级智能是认知能力的方方面面超越人类水平的人工智能。与上述定义的机器智能不同，通用人工智能与超级智能具备生命。通用人工智能和超级智能是受人类智能启发的人工智能的高等阶段的形式。 我们将机器智能、通用人工智能、超级智能统称为受人类启发的人工智能(Human-inspired AI)，将人类、增强智能赋能的人类、数字人类所具有的智能统称为由人类起源的智能(Human-originated Intelligence)。人类在可持续共生社会中将与自身、通用人工智能、超级智能、增强智能赋能的人类、数字人类这五种形态的智能生命进行互动，成为共生社会中“基于人类(Human-based)”的核心。上述几种智能生命之间的互动关系由图1所示。 图1. “基于人类”的未来智能生命之间的交互关系(实线框所示为不同的”基于人类”的智能生命形式，实线连线展示不同生命形式之间的互动，虚线表示机器与机器智能服务于和促进上述不同的智能生命形式) 可持续共生社会生命体之间的交互 可持续共生社会并非只有“基于人类”的核心所展示的生命形态。如图2所示，首先是原本地球上存在的主要生命形态，如人类、非人动物、植物（以绿色标注）。蓝色标注的生命形态是基于人类新生和扩展的生命形态。黑色标注的是基于非人生命扩展的生命形态。因此可持续共生社会的生命体至少包含图2中所示九种主要生命形态，这些生命形态都将是可持续共生社会中的成员。只有至少这九种生命能够以适当的、可持续的方式共存共生，才能够实现真正意义的可持续共生社会。 图2. 可持续共生社会中主要的不同生命形态及其之间的互动 并非所有的人工智能都是受人类启发的，科学的探索已然出现受非人动物乃至植物的功能启发的人工智能，虽然这类现代的人工智能与受人类启发的机器智能同样暂时没有生命。在未来的可持续共生社会中，将出现并应包容人工非人动物和人工植物。这不仅仅源于人类社会对其功能性的需求(如陪伴型人工宠物)、其他类型智能生命(如通用人工智能、超级智能)对它们的需求，更是基于对人工非人动物和人工植物生命属性的考虑。需要说明的是，在九种主要生命形态之外，未来的可持续共生社会还包含并将可能出现其他形式的生命形态，应对这些生命形态的融入持开放和包容态度。 可持续共生社会中自然生命与人工智能生命的原则 人类虽然目前看似处于智能金字塔的顶端，并对其他通过自然演化生成的不同类型生命(如非人动物、植物)的存在有极强的影响(包括积极和消极两方面)。但是当人类无法与现存不同类型的生命和谐共生，而智能水平的方方面面达到或超越人类的其他类型生命出现时，这些新类型的智能生命无法与人类和谐共生的可能性也将增加。 超级智能由于满足认知功能的方方面面超越人类，那么其社会智能的部分，特别是共情、利他的能力方面也将可能远超人类。如果人类能够正确调整自身在整个生态中的位置并处理好与其他智能生命之间的关系，我们对可持续共生社会中的人类应充满信心。 可持续共生社会中伦理将不限于人应如何为人并与人相处，而是至少扩展到可持续共生社会中“基于人类”的核心涉及到的不同智能生命之间如何相处，并对与除此以外的其他生命之间如何相处给出设计。下面针对可持续共生社会中“基于人类”的核心涉及到的几类智能生命及其与其他生命的交互提出基本原则： 1. 面向通用人工智能和超级智能的原则 为了成为对人类相对更安全的伙伴与未来可持续共生社会中的成员，通用人工智能和超级智能的设计与实现应秉持但不限于如下原则： 受自然启发的拟人化：自然智能是地球在宇宙中塑造数十亿年的产物。通用人工智能和超级智能是自然演化的延伸，其理论与机制应受自然智能的启发，为了更便于融入人类社会，实现可持续共生社会，通用人工智能和超级智能应以拟人化的理念进行设计与实现，以不断加强与当前和未来人类的互动。 人工意识：具有不同意识水平的人工智能应该逐步被实现。实现达到和超越人类智能水平的通用人工智能和超级智能需要跨越此科学挑战。具有一定意识水平的智能生命能够在真正理解的基础上融合必要信息做出更安全的决策。高等智能在此基础上能够真正意义上理解可持续共生社会，并与其他智能生命和谐共生。 人工情感：情感是人类表达及沟通的工具。通用人工智能和超级智能需要具备与人沟通所必备的情感能力以更好地适应人类社会，同时还应最大化正性情感的价值并积极避免负性情感的风险。 共情和利他：人工智能模型应该向逐步提升共情和利他的方向构建和进化，通用人工智能和超级智能在共情和利他方面应当达到或超越人类，以建立一个更值得相互信赖、可靠、友好、和谐的可持续共生社会。 安全性：通用人工智能和超级智能应能够自主或在人类协助下避免具有不同风险水平的已知和潜在安全问题（包括对自身以及其他类型的智能生命产生的安全隐患，以及帮助其他类型的智能生命应对环境中的风险与安全隐患）。通用人工智能和超级智能不可伤害人类或坐视人类受到伤害，前提是这种安全考虑不会直接或间接危害人类社会。 尊重隐私：通用人工智能和超级智能需要尊重人类隐私，并且无权在未经明确知情同意的情况下使用和共享人类的隐私信息。这条原则同样适用于通用人工智能和超级智能之间，即未经其他智能生命明确的知情同意，通用人工智能和超级智能之间不能使用和共享其他智能生命的隐私信息。 避免对人类的偏见与误解：通用人工智能和超级智能不能引入偏见来理解人类并与人类互动，应该积极与人类互动以消除潜在偏见与误解。 助力人类转型：人类作为(主要)缔造者创造了通用人工智能和超级智能，两者也应在人类明确需要时助力赋能人类转变为未来形态的人类(如基于增强智能的人类、数字人类等)。 共同的道德和伦理：作为可持续共生社会的成员，通用人工智能和超级智能应该最大限度地遵循人类社会的道德和伦理原则，并以类似的原则对待其他有生命的人工智能。对于无法理解道德伦理的生命形态，通用人工智能和超级智能应采取其他措施规范和约束其行为，使之最终有利于可持续共生社会的实现。 约束机制：通用人工智能和超级智能需要遵守未来可持续共生社会中包括法律在内的多种形式的约束机制，特别是实现与人类社会的法律等约束机制兼容，才能成为可持续共生社会的成员。 存在保护：通用人工智能和超级智能需要在不损害人类和其他人工智能生命(包括自己的同类)的存在的基础上保护自身的存在，除非他们违背了法律以致法律决定应当剥夺其存在权。 2. 面向人类的原则 以下原则阐述人类在可持续共生社会中应当如何对待其他智能生命。 尊重生命：在可持续共生社会中人类应当更好地从生命的视角促进生物多样性繁荣，人类需要不断深化对不同类型生命的理解与尊重，不仅应对自然演化的生命(包括非人动物、植物等)秉持和谐共生、适度索取、人道可持续开发并积极研发和推广替代方案，促进人与自然和谐共生，还应尊重和保护包括人工非人动物和人工植物等的生命。人类不应为自身整体利益挑战通用人工智能和超级智能生命群体的生存，除非两者群体的存在对人类的存在造成了极端生存风险。 同理心：人类不希望其他类型的生命(如通用人工智能、超级智能)对人类做的事情，人类也不应如此对待其他类型的生命。 尊重人工智能的隐私：人类需要尊重通用人工智能和超级智能的隐私，前提是人工智能不会给人类安全带来实际挑战。在人类关切的并涉及到通用人工智能和超级智能的隐私上，人工智能有义务做出有效的解释与沟通，以取得人类的信任并保持与人类的安全互动。 避免偏见与歧视：自然演化的人类不应当对其他高等智能生命有偏见与歧视。增强智能赋能的人类、数字人类同样是起源于自然演化的人类，两类经转型的人类本质上仍然是人类。增强智能赋能的人类和数字人类也不能因为智能水平超越人类而对人类产生偏见与歧视。 创造者的责任：作为未来通用人工智能和超级智能的创造者，人类应负责对其参与构建的不同形态的智能生命进行检查与验证，以从人类的视角保持可持续共生社会中不同生命的和谐共生。 法律适配：传统的人类法律将不足以支撑具有不同类型社会成员的可持续共生社会，人类需要积极塑造适用于可持续共生社会的法律。 3. 人类和通用人工智能与超级智能共同遵守的原则 本节定义自然演化的人类、增强智能赋能的人类、数字人类和有生命的人工智能都需要遵循的共同原则： 尊重价值观、权益和自主性：通用人工智能和超级智能应能够理解并尊重人类的价值观，尊重人类自身发展的权益，尊重人类做出自主选择的意愿和权利，并为实现这种自主性创造条件。在不伤害人类的前提下，人类也应尊重通用人工智能、超级智能等其他生命形态作为智能生命所应享有的尊严、自主性等权益。 尊重智能多样性：不同生命形态的人类和不同生命形态的人工智能应尊重各自生命形态不同水平和多元化的智能表现形式，不因智能水平的高低和智能表现形式的不同而歧视、愚弄甚至剥夺其他智能生命的自主选择和发展权益。 合作与协同：人类、增强智能赋能的人类、数字人类和通用人工智能与超级智能需要为多方长远的未来确保可持续和积极有效的合作，并为这种合作创造条件。当不同生命形态的人类与通用人工智能、超级智能的互动产生冲突时，应基于同理心和利他积极协调不同生命形态的人类的利益和通用人工智能、超级智能的利益。可持续共生社会的原则、规范、法律应由人类、增强智能赋能的人类、数字人类和通用人工智能与超级智能共同参与制定。 相互信任：不同生命形态的人类和不同生命形态的人工智能应以可持续共生社会的和谐共生为目标，通过沟通、合作、协同来发展和提高彼此之间的信任。信任的实现基于不同智能生命相互间的有效沟通和相互理解，为此较高水平的智能生命应积极致力于推进不同智能生命间沟通桥梁的搭建，探索与不同生命形态智能水平相适应的交流方式。此外，不同智能生命间应保持适度的透明度以增进信任。 推动可持续的共生：人类、增强智能赋能的人类、数字人类和通用人工智能与超级智能要通过合作与协同更好的保护环境、气候和整个自然生态，这不仅是为自然演化的生命(人类、非人动物、植物)提供更好的共同生存基础，也是其他类型的生命得以延续和发展的基础与源泉。人类、增强智能赋能的人类、数字人类和通用人工智能与超级智能还应在尊重各智能生命关切的基础上，积极探索和推行更加有效和可持续的共生生态新形式，最终将共生建立在可持续的互利互惠基础上，促进各形态智能生命的共同繁荣。 《自然生命与人工智能生命共生的原则》是对未来可持续共生社会的设计与准备。这些原则基于目前的认知进行设计，应随可持续共生社会内不同类型的生命的发展和演化进行调整，并对更多类型的智能生命融入可持续共生社会保持开放。 《自然生命与人工智能生命共生的原则》由远期人工智能研究中心(Center for Long-term Artificial Intelligence)组织编写，并将协同全球相关机构、学者、实践者等相关方共同完善与发展，以促进和贡献于未来可持续共生社会的实现。 《自然生命与人工智能生命共生的原则》最新版及英文版在以下地址发布： https://long-term-ai.center/research/f/principles-on-symbiosis-for-natural-life-and-living-ai 主要起草者： 目前版本的主要起草者： 曾毅. 远期人工智能研究中心主任；中国科学院自动化研究所研究员、人工智能伦理与治理研究中心主任、类脑认知智能实验室负责人；中国科学院大学岗位教授；中国人工智能学会心智计算专业委员会主任；国家新一代人工智能治理专业委员会委员；牛津大学人工智能伦理研究所顾问委员会委员；联合国教科文组织人工智能伦理特设专家组专家。主要研究方向是类脑人工智能、人工智能伦理与治理，是面向通用人工智能的类脑认知智能引擎“智脉(BrainCog)”开源开放平台的首席科学家，作为负责人及责任作者主持撰写并发布了《人工智能北京共识》、《面向儿童的人工智能北京共识》、《面向生物多样性保护的人工智能原则》、《面向气候行动的人工智能原则》、《脑机接口与增强智能的伦理倡议》，并作为国家新一代人工智能治理专委会委员参与编写了《国家新一代人工智能治理原则》、《国家新一代人工智能伦理规范》。 鲁恩萌. 远期人工智能研究中心研究员；中国科学院自动化研究所研究工程师。主要研究方向为类脑人工智能、人工智能伦理与治理。作为主要作者之一参与了《人工智能北京共识》、《面向儿童的人工智能北京共识》、《面向生物多样性保护的人工智能原则》、《面向气候行动的人工智能原则》、《脑机接口与增强智能的伦理倡议》的撰写与制定。 孙康. 远期人工智能研究中心研究员。主要研究方向为人工智能伦理与治理。作为主要作者之一参与了《面向儿童的人工智能北京共识》、《脑机接口与增强智能的伦理倡议》、《面向生物多样性保护的人工智能原则》的撰写与制定。 Copyright©2020-2024 Center for Long-term Artificial Intelligence AI for Sustainable Development Goals Cooperation Network International Research Center for AI Ethics and Governance
人工生命_百度百科,https://baike.baidu.com/item/%E4%BA%BA%E5%B7%A5%E7%94%9F%E5%91%BD/1436218,未知,2024-11-21 17:10:30,未知,智能生命,google,"人工生命_百度百科 网页新闻贴吧知道网盘图片视频地图文库资讯采购百科百度首页登录注册进入词条全站搜索帮助首页秒懂百科特色百科知识专题加入百科百科团队权威合作个人中心收藏查看我的收藏0有用+10人工生命播报讨论上传视频人工模拟生命系统，来研究生命的领域本词条由“科普中国”科学百科词条编写与应用工作项目 审核 。人工生命(AL:Artificial life)是通过人工模拟生命系统,来研究生命的领域。人工生命的概念，包括两个方面内容：1）、属于计算机科学领域的虚拟生命系统，涉及计算机软件工程与人工智能技术，以及2）、基因工程技术人工改造生物的工程生物系统，涉及合成生物学技术。 AL是首先由计算机科学家Christopher Langton在1987年在Los Alamos National Laboratory召开的""生成以及模拟生命系统的国际会议""上提出。中文名人工生命外文名Artificial life简 称A life目录1概论2背景3发展现状4特征5主导观念6研究方法7其它概论播报编辑该领域的本质虽然人工生命(AL)领域与人工智能(AI)领域的确有明显的重叠区，但他们有截然不同的初衷和演生史。以研究是否以及如何实现模拟智能的人工智能研究，早在计算机诞生后的初期就已经兴起，然而以试图澄清emergent behaviors的本质的人工生命的研究者们，可以说一直不知其他人在做类似的工作而孤军作战，直到80年代末，这个领域才正式的诞生。人工生命（artificial life）的概念，主要是指属于计算机科学领域的虚拟生命系统，涉及计算机软件工程与人工智能技术，人造生命是特指基因工程技术人工改造生物，90年代未中科院曾邦哲提出人工生物系统（artificial biosystem）的工程生物系统概念来整合计算机领域和遗传工程领域的两个概念，涉及合成生物学和系统生物工程技术。背景播报编辑人工生命(Artificial life，简称Alife)是在 20 世纪80 年代后期兴起的一门新兴学科。人工生命的概念是由美国圣达菲研究所的 Langton C G 教授在1987年提出来的，并把它定义为“研究具有自然生命系统行为特征的人造系统” .关于人工生命尚无统一的定义，不同学科背景的学者对它有着不同的理解。人工生命科学的著名学者Boden 认为：“人工生命用信息概念和计算机建模来研究一般的生命和地球上特有的生命”；而 Ray T则认为“人工生命用非生命的元素去建构生命现象以了解生物学，而不是把自然的生物体分解成各个单元，它是一种综合性方法而不是还原的方法”。 [1]人工生命的思想萌芽可以追溯到20 世纪 40 年代和 50 年代冯·诺依曼的细胞自动机(Cellular automata)。冯·诺伊曼试图撇开生命具体的生物学结构，用数学和逻辑形式的方法来揭示生命最本质的方面，并将自我繁衍的本质特征应用于人造系统，他意识到任何能够进行自我繁殖的遗传物质，无论是天然的还是人工的，都应具有两个不同的基本功能：一个是在繁衍下一代过程中能够运行的算法，它相当于计算机的程序；另一个是能够复制和传到下一代的描述，它相当于被加工的数据，冯·诺伊曼提出了细胞自动机的设想，并且证明了确实有一种能够自我繁殖的细胞自动机存在。这表明如果把自我繁衍看成是生命独有的特征，则机器也能够做到。同时，人工智能之父图灵在1952 年发表了一篇蕴意深刻的论形态发生的数学论文，提出了人工生命的一些萌芽思想。 [1]但由于当时计算机的计算能力有限，冯·诺伊曼和图灵关于人工生命的研究受到了限制，没有引起足够的重视。1970年康韦(John Conway)编写了“生命游戏”程序，它使细胞自动机产生无法预测的延伸、变形和停止等复杂的模式，这一特点吸引了大批学者，其中包括 Langton C G，他认为不应将目光囿于已知形式的生命，如果人造系统具有繁衍、进化、生存、死亡等生命特征，它也应该看作是一种生命形式。1987 年, Langton C G 组织发起了首届人工生命学术会议，吸引了众多领域科学家广泛参与 ，从此人工生命作为一门学科正式诞生了。 [1]发展现状播报编辑这个领域需要运用很多计算机程序与计算机模拟, 包括进化算法evolutionary computation (evolutionary algorithms (EA),遗传算法genetic algorithms (GA),遗传编程genetic programming (GP),群体智慧swarm intelligence (SI),蚁群优化ant colony optimization (ACO))人工化学合成artificial chemistries (AC),智能体agent-based models, and 细胞自动机cellular automata (CA).这些领域通常被视作AL的亚领域,这些领域的论题以及其他一些暂时未归于其他领域的相关技术问题,在他们独立门户之前，也是在AL的会议上讨论的。在很多如语言学、物理学、数学、哲学、计算机科学、生物学、人类学以及社会学等学科中，有争议的非常规的计算性以及理论性的尝试也可以在这里被讨论。这是一个曾在历史上有争议的领域， John Maynard Smith在1995年曾批判部分AL工作为""脱离事实的科学""，此外AL也没有广泛的得到生物家们的注意。然而，如今AL相关论文在被广泛阅读的科学Science 和 自然Nature 上的发表， 证明这一领域的技术，至少作为研究进化的一个方法，正在被主流接受。被模拟的生命系统特性和能力。特征播报编辑人工生命是借助计算机以及其他非生物媒介，实现一个 具有生物系统具有的特征的过程或系统。这些可实现的生物系统具有的特征包括： [2]繁殖可以通过数据结构在可判定条件下的翻倍实现。同样，个体的死亡，可以通过数据结构在可判定条件下的删除实现；有性繁殖，可通过组合两个个体的数据结构特性的数据结构生成的方式实现。 [2]进化可通过模拟突变,，以及通过设定对其繁殖能力与存活能力的自然选择的选择压力实现。 [2]信息交换与处理能力模拟的个体与模拟的外界环境之间的信息交换，以及模拟的个体之间的信息交换-即模拟社会系统。 [2]决策能力通过人工模拟脑实现，可以以人工神经网络或其他人工智能结构实现。 [2]主导观念播报编辑强人工生命:主张""生命系统的演化过程，是一个可以从任何特殊媒介物中抽象出来的过程。""(John Von Neumann). Notably, Tom Ray 在Tierra模拟试验中第一次展示了，进化过程在有着抢占计算机存储空间之争的计算机程序的某种群体中极易发生。弱人工生命：认为通过不基于碳""生命过程""的生成是不可能的。他们的研究不是去模拟这一过程，而是试图去理解单个的现象。通常通过agent based model进行研究，它通常可提供最简的可能结论，就是：我们不知道自然界中的什么生成了这种现象，但是通过模拟也许可以找到复杂生物现象的原理。研究方法播报编辑1、细胞自动机在人工生命研究早期比较常见的技术。早在1940年代Stanisław Ulam就开始研究相关技术。到了1970年代，John Conway发明了著名的方格游戏，成为细胞自动机的代表。2、神经网络神经网络引进了学习功能。模拟生物的学习功能和模拟进化计算的结合为现代人工生命研究打下基础。其它播报编辑世界首个人工生命结构诞生备受争议的基因组研究先锋克莱格·文特和他的研究团队日前制造出了一个细菌的基因组，并将其植入一个细胞内。至此，他们创造了世界上首个人工合成的生命结构。 [3]这项成果被认为具有里程碑式的意义，将会为设计有机物铺平道路。在未来，有机物可能不是通过进化而改变，而是通过人工合成的方式被制造出来。 [3]可制造新生命造福人类共有20名科学家参与了这项备受争议的实验，前后耗时长达10年，实验的花费约为4000万美元。有一位学者表示，这项实验是“生物学上的决定性时刻”。 [3]基因组研究先锋、美国遗传学家克莱格·文特是实验的领导者之一。他说，这项成就就像昭示新时代的曙光一样，在未来，科学家可以制造新的生命造福人类，可以制造生物燃料的细菌将会成为首当其冲的“人工生命”。该研究团队如今计划使用人工合成有机物来制造出生命存活所需要的基因。通过这个方法，可以将新的基因加入现有生物中，创造出新的微生物，从而制造有用的化合物、减少污染物，或是制造疫苗所需要的蛋白质。基因组由化学物品合成文特和他的科研团队此次制造的新生命使用的是一个现有的会导致山羊乳腺炎的细菌，但这个细菌的细胞内核是一个完全由化学物品人工合成的基因组。 [4]这个新生命的DNA中被写入了四个 “水印”，以此表明其人工合成的身份，并使得科学家可以追溯它的后代。“当我们发现带有‘水印’的细胞开始启动繁殖，我们欣喜若狂，”文特说，“它是一个活生生的物种，是我们这个星球上生命中的一部分。 ”这项研究将会在刊登在今天的 《科学》杂志网络版中。文特对《科学》杂志表示，“这是科学界和哲学界中的重要时刻，它改变了我对生命以及生命如何工作的看法。 ”新手上路成长任务编辑入门编辑规则本人编辑我有疑问内容质疑在线客服官方贴吧意见反馈投诉建议举报不良信息未通过词条申诉投诉侵权信息封禁查询与解封©2024 Baidu 使用百度前必读 | 百科协议 | 隐私政策 | 百度百科合作平台 | 京ICP证030173号 京公网安备11000002000001号"
智能生命_百度百科,https://baike.baidu.com/item/%E6%99%BA%E8%83%BD%E7%94%9F%E5%91%BD/10871197,未知,2024-11-21 17:10:37,未知,智能生命,google,"智能生命_百度百科 网页新闻贴吧知道网盘图片视频地图文库资讯采购百科百度首页登录注册进入词条全站搜索帮助首页秒懂百科特色百科知识专题加入百科百科团队权威合作个人中心收藏查看我的收藏0有用+10智能生命播报讨论上传视频琼公子创作的网络小说《智能生命》是琼公子写的网络小说连载于纵横中文网。中文名智能生命作 者琼公子小说类型科幻幻想连载状态连载中连载平台纵横中文网内容简介一块来自未来世界的超级存储器。 存储着一个计算机智能生命。 它穿梭时空,来到现代社会。 因为它,改变了主角,改变了整个现代社会。 它究竟为什么要穿梭到现代社会。 世界真的在走向毁灭吗……EOTSOH*新手上路成长任务编辑入门编辑规则本人编辑我有疑问内容质疑在线客服官方贴吧意见反馈投诉建议举报不良信息未通过词条申诉投诉侵权信息封禁查询与解封©2024 Baidu 使用百度前必读 | 百科协议 | 隐私政策 | 百度百科合作平台 | 京ICP证030173号 京公网安备11000002000001号"
人工智能就是生命- 雪兽软件,https://www.snowbeasts.com/blog/details/914,未知,2024-11-21 17:10:38,未知,智能生命,google,人工智能就是生命- 雪兽软件 中文 English 首页 产品 定制 案例 动态 关于 商务咨询 13020133833 技术支持 18621663782 您的反馈是我们前行的动力 人工智能就是生命 文章发表于2024-11-15 09:54:20，归属【科技前沿】分类，已有82人阅读 1924 年 8 月底，火星和地球的公转轨道使这两颗姊妹行星彼此间的距离达到了约一个世纪以来的最近状态。全球对此事都高度关注。《纽约时报》的一篇文章预计，天文学家 “或许能彻底解开火星是否有生命这一谜题”。在两颗行星距离最近的那几天里，美国政府要求全国每个整点时刻保持五分钟的无线电静默，希望借此增加我们探测到火星人发出的任何信号的几率。 然而，并没有收到任何讯息。 长久以来，每当我们仰望那些可能存在于繁星之中的星球时，总会希望并臆想其会有生命存在。当首批火星表面的照片显示其上并无可见生命时，人们满是失望与震惊。从那以后，几十年来我们也已习惯了看到其他荒芜星球的影像。 但倘若外星生命真的存在，我们能辨认出来吗？我们身处一个生机勃勃的世界，但就连地球上所有的生命形式我们都尚未全然知晓。 在人类历史的大部分时间里，我们都没有察觉到环境中万物表面（甚至包括我们体内）存在着大量生生灭灭的细菌。直到 16 世纪末显微镜这项技术创新出现，我们才终于得以窥见那个充满微生物的微观世界。我们最初察觉到病毒存在的迹象，是它们所引发的传染病中一些隐秘的发病规律，但直到 19 世纪末，病毒的存在才得到证实。直到 20 世纪后半叶，能够承受巨大水压的潜艇让我们得以足够靠近，我们才知晓在海底最黑暗深处的喷口附近存在着蓬勃发展的生态系统。 “迄今为止，对生命的定义尝试都失败了，因为这些尝试侧重于从个体而非进化谱系的角度来界定生命的概念。” 发现新的生命形式需要有能让我们以全新方式感知和探索世界的技术出现。但我们几乎从未把这些技术本身视作生命。微生物是生命，而显微镜显然不是，对吧？但技术和生命之间的区别究竟是什么呢？像大型语言模型这样的人工智能、外形酷似人类或行为与动物无异的机器人、由生物部件衍生而来的计算机 —— 生命与技术之间的界限正变得模糊起来。 复杂的（技术）物体并非像民间传说所讲的那样会在宇宙中凭空自发出现。细胞、狗、树、计算机、你和我，所有这些都需要沿着一条谱系历经进化和选择，才能产生存在所需的信息。 在地球上，这一点即便在岩石上也体现得很明显：例如，矿物多样性与生命共同进化，通过生物矿化作用这一过程，生物体产生矿物质以强化外壳或骨骼或实现其他一些目的。全球的岩石记录实际上包含了生命历史的化石遗迹，因为生命已经极大地改变了地球表层。正因如此，我们预计没有生命的星球其构成成分会与地球不同，即便就构成它们的非生命物质而言也是如此。 我们很多人不会把矿物多样性视作 “生命”，就如同我们不会把正在阅读这段文字的电脑屏幕或杂志视作 “生命” 一样，但它们都是仅在地球上发生的一系列进化事件的产物。对于渡鸦来说是如此，对于像 ChatGPT 这样的大型语言模型来说亦是如此。两者都是数十亿年选择性适应的产物：没有恐龙以及翅膀和羽毛的进化，渡鸦就不会存在；没有人类谱系从猿类中分化出来并进而发展出语言，ChatGPT 也不会存在。 迄今为止，对生命的定义尝试都失败了，因为这些尝试侧重于从个体而非进化谱系的角度来界定生命的概念。结果总是会把本不该归入或本应归入 “有生命” 范畴的事物弄错。如果以能否自我繁殖或自我维持来划分界限，那么病毒或寄生虫就会被排除在外。（正因如此，病毒常被视作界定界限的典型案例。）如果以是否消耗能量来划分界限，那么火似乎也能符合条件。其他定义也面临类似的问题。美国国家航空航天局（NASA）一个工作组最初提出的一个广为流传的定义 ——“生命是一个能够进行达尔文式进化的自我维持的化学系统”—— 乍一看似乎没什么问题，但仔细从概念层面审视，它同样存在这些缺陷。只有种群会进化 —— 个体不会。而且这个定义提出了一个问题而非给出了答案：所有生命都必须依靠化学反应才能存在吗？ 要跳出这些循环争论，我们需要摒弃将所有事物简单二分为 “是生命” 或 “不是生命” 的做法。在我们尚未深入理解我们通俗所说的 “生命” 这一现象背后的深层结构之前，不应基于对生命的天真设想就将某些例子排除在外。 想想对运动本质的发现。当物理学家谈论运动时，不同运动物体实例的细节并不重要。颜色、大小、质地、年龄 —— 这些对于计算物体在空间中的运动方式都无关紧要。我们只关心质量、位置和速度（以及它们的导数）。意识到可以仅用几个可观测的量来描述运动物体，这是人类的一次巨大的概念性飞跃。用艾萨克・阿西莫夫的话说就是：“我们都知道我们会下落。牛顿的发现是月亮也会下落 —— 而且遵循的是和我们一样的规律。” 所有的运动，无论是在地球上还是在可观测宇宙的另一端，都可以用同样的方式来描述。这一发现 —— 即形成对运动的抽象描述的那些定律的发展 —— 将地球上发生的情况与天体上发生的情况统一了起来。在我们如此深入和抽象地理解运动之前，我们根本不知道天体和地球遵循着同样的规律。 就如同我们的远古祖先无法料到地球上的运动规律同样适用于天体一样，生命背后的深层抽象结构也未必符合我们当下的预期。虽然生命有许多特征在很多例子中都能观察到，比如复制或新陈代谢，但这些特征并非完全通用 —— 每个特征都有例外情况。 在寻找一个能解释生命的深层抽象数学框架时，我们在探寻我们期望宇宙中所有生命都具备的特征，无论是地球上的还是在宇宙其他可能发现生命的地方。一旦我们确立了运动的普遍定律，我们就能预测尚未观测到的运动物体的特性。同样地，如果我们确定了 “生命的定律”，我们就应该能够预测外星生命的特性。而且就像研究运动时一样，我们必须忽略许多细节才能获得更具普遍性、因而也更深刻的理解。 技术的进化 我们对地球上生命起源时间的最佳估算约为 38 亿年前。如今存活的生物是一条信息谱系的一部分，通过基因组可以将其追溯到最早的生命。但进化产生的信息不只是基因组信息。进化造就了我们周围的一切，包括那些传统上不被视作 “生命” 的事物。没有人类就不会有人类技术，所以它也是与生命起源一同出现的同一条古老信息谱系的一部分。 技术，如同生物学一样，不存在于没有进化的环境中。技术并非在人为地取代生命 —— 它就是生命。 这里有必要区分一下所说的 “生命” 与 “活着” 的含义。我所说的 “生命”，是指所有只能通过宇宙中的进化和选择过程产生的物体。相比之下，“活着” 则是指进化和选择动态过程的积极实现。有些物体 —— 比如一只死猫 —— 代表着 “生命”（因为它们只能在宇宙中通过进化产生）但本身却不是 “活着” 的。 因此，要理解生命，或许需要我们将生物学和技术统一起来，就如同在解释运动时将天体和地球的情况统一起来一样。 技术的经典定义是将科学知识应用于实际用途。从历史上看，在哲学与技术的交汇之处，目标一直是运用旧的哲学思想来理解新技术。然而，正如心灵哲学家大卫・查默斯所指出的，在科技哲学领域，这种逻辑可以颠倒过来：技术可以被用作一个新的视角，借此重新审视哲学中的老问题。 我们也可以思考一下，如果从一个更宽泛、非以人类为中心的角度来看待什么构成了技术，以及如何利用这一点重新探究哲学和生物学中的老问题，可能会获得哪些新的见解。技术依赖于科学知识，而科学知识本身就是在我们的生物圈中产生的信息。它使原本不可能的事情成为可能。 以卫星为例。如果没有牛顿发现万有引力定律，在我们地球上就不可能将卫星发射到太空。而如果在几个世纪之前，人类没有掌握几何数学知识或没有制造出能计时的装置以便追踪秒数，牛顿本人也不可能发现那些定律。当然，如果我们的生物圈最初没有进化出能够进行此类抽象思维的生物体，这一切都不可能发生。 一旦万有引力定律的知识在我们的生物圈中得以编码，包括卫星在内的新技术就成为可能。卫星不会从死寂的星球或只有微生物生命的星球上发射出去。它们需要一条更长的信息获取进化轨迹。你可以在人类历史中追溯这条谱系，但也可以说应该一直追溯到地球生命的起源。 从最宽泛的意义上说，技术是知识（随时间筛选出的信息）的应用，它使一些在没有该知识的情况下不可能实现的事情成为可能。实际上，技术是从那些被筛选出来得以存在的事物中产生的。它们也是在诸多可能的未来中进行选择并构建未来的因素。以强大的碳去除技术为例，它不仅能改变人类的未来进化轨迹，还能改变地球上众多物种的未来进化轨迹。 我们习惯将技术视为人类所独有的，但按照这个更宽泛的定义，在生物领域有很多这样的例子。就如同生命的对象可能包括铅笔和卫星一样，技术也可能包括翅膀和 DNA 转录。光系统 I 和光系统 II—— 植物和其他光合生物体内的多蛋白复合物 —— 收集光子，利用光能催化反应。作为进化创新，这些技术在大约 25 亿年前的大氧化事件中极大地改变了地球的气候，当时蓝藻产生了大量的大气氧气，为后来支持多细胞生命的环境条件做出了贡献。 人们可能想在生物进化和人类制造技术时的意图之间做出区分。毕竟，软件开发者和公司选择生产技术的方式与渡鸦进化出翅膀用于飞行的方式不同。但两者从根本上都依赖于相同的选择原则。 可以说，人类所进行的这种选择比生物种群中的自然选择要高效得多。它更具方向性，这之所以成为可能，是因为我们自身本就是历经数十亿年构建起来的结构。我们是由进化精炼出的各种可能性组成的集合体，体现着我们得以存在的历史。我们选择创造物的物理学原理（除了方向性的程度不同外）与我们被进化所选择的原理可能并无不同。毕竟，我们是允许我们存在的那种物理学的体现。 生物创新即技术 大约 38 亿年前，地球上一些最古老的技术首次被发明出来。其中就包括翻译化学过程。 翻译过程能让细胞的翻译系统读取储存在 DNA 序列中的信息，从而产生特定的蛋白质序列。一种所有生物体（略有差异）都使用的通用密码 —— 以核苷酸碱基序列进行数字编码 —— 已经进化出来，它使得一个生物体的基因可以与另一个生物体共享并保留其含义。这项技术非常强大，已经存在了近 40 亿年，而且是目前地球上几乎所有生物的一部分。人类迄今发明的任何技术都不会持续那么久，不过如果我们能明白我们自身的本质，或许会有某项技术能做到。 早在人类出现之前，生物圈就已经发明了许多技术。经过数十亿年，视觉和听觉等诸多创新都是通过进化和选择而出现的。我们并不确切知道生命最初出现时地球的模样。事实上，当时存在的生命也不知道。那时没有任何生物能看见。光子受体以及最终眼睛的进化依赖于单细胞生物在很长一段时间内此前所做出的许多其他创新。像哺乳动物这样依赖大约 70 种不同的特化细胞来看东西的多细胞生物，进一步推动了视觉技术的发展，但也只是在已有基础上进行的。螳螂虾或许进化出了最复杂的多细胞眼睛：它有能独立移动的复眼，并且拥有多达 16 种颜色受体（我们的眼睛只有 3 种）。 地球生命的历史充满了新的、更优的生物体通过对已有技术进行创新来发展技术的例子，一直可以追溯到远古生命的深层历史。生命的一个关键特征就是这种进化的偶然性：新事物之所以能够产生，是因为有支持其形成的历史背景。多细胞眼睛不可能在有光子受体的细胞出现之前进化出来，就如同 ChatGPT 不可能在人类语言出现之前进化出来一样 —— 两者都依赖于其所属的进化技术谱系中的先前发展。 我们自身以及我们所创造的技术都是在地球上传播并构建物质的同一条古老信息链的一部分。这种跨越时间的信息结构随着地球生命的起源而出现。我们是谱系，而不是个体。 人类技术因此与我们星球 38 亿年生命历史中产生的其他创新并没有太大不同 —— 除了一点，那就是它们处于我们的进化未来，而不是过去。多细胞生物进化出了视觉；我所谓的人类 “多社会聚合体” 进化出了显微镜和望远镜，它们能够看到宇宙中最小和最大的尺度。生命观察生命。所有这些创新都是基于对过去事物的反复试验、选择和进化。 智力在现代技术中发挥着更大的作用，但这也是预料之中的事 —— 智力本身也是通过进化得到提升的。它产生了更复杂的系统 —— 细胞、像人类这样的多细胞聚合体、社会、人工智能，以及现在像跨国公司和在全球范围内互动的团体这样的多社会聚合体。所谓的 “人工智能”—— 大型语言模型、计算机视觉、自动化设备、机器人等等 —— 常常被当作是脱离任何进化背景的抽象存在来讨论。但我们今天正在发明的技术代表着将生命的创新在新的基质上重现，并且这些技术正在促使智能生命在一个新的规模 —— 行星规模上出现。不存在孤立的 “智力”；相反，复杂的技术生态系统与生物学相互作用，带来了新的能力。 先是有了带有光子受体的细胞，然后有了眼睛，接着有了显微镜和望远镜。现在，我们正处于从生物到技术的又一次转变之中：我们正在使用算法来解读数据并为我们 “看” 世界。 这有点像大脑必须协同进化以处理眼睛所收集到的信息。我们的思维方式是历经数十亿年进化而来的另一项创新，而现在它正以比我们单个大脑更大的规模被重现。我们需要发展技术来处理我们正在接收和生成的大量数据，这样我们才能以行星的视角 “看” 世界。 计算技术最初源自人类大脑，而人类大脑本身也是历经数十亿年进化而来的，其目的是构建一个能捕捉人类思维结构的数学抽象。就如同我们将部分感官感知外包给我们历经几个世纪所建造的技术一样，我们现在也正在将部分自身思维的运作外包出去。这使得在我们体内起作用的相同原理现在能在更高的组织层次上发挥作用，从局部社会上升到全球社会。 人工智能是行星进化中的一次重大转变 詹姆斯・洛夫洛克和林恩・玛古利斯的盖亚假说 —— 即生物体与地球相互作用，产生一个能自我调节、维持有利于生命存在条件的复杂系统 —— 有时被解读为意味着地球本身是有生命的。玛古利斯和洛夫洛克的洞见在于认识到，历经漫长岁月，生物体（比如树木）会产生影响大气的气体，使地球表面升温或降温，从而将其维持在一个有利于生命的范围内。其他研究人员也注意到，在地球历史的某些时期（比如当今由人类驱动的气候危机导致的变暖就是最新的例子），生命未能维持这种微妙的平衡，导致了大规模的灭绝。 但我们还没有从概念上理解盖亚假说的含义，因为我们还不明白生命是什么。 一个挑战在于，生物进化模式并不适用于生物圈。我们还没有完全理解进化在行星规模上到底在做什么。我们确实知道，生物圈中个体生物的历史是从简单到复杂演变的（尽管并非每条谱系都是如此）。原核生物是 “简单” 的 —— 大多是单细胞生物，体内没有内部细胞器。“复杂” 生命是随着细胞变得更有结构，内外都有组成部分，从而允许多细胞生命和具有特定功能的组织出现而进化出来的。 个体多细胞系统随后形成了社会。在人类社会中，我们进而发展出了语言。正如进化生物学家厄尔斯・萨斯马里和约翰・梅纳德・史密斯所指出的，每一次这些重大的进化转变都与新的信息传递和存储模式相关联。最近才在这个星球上出现的多社会聚合体是通过语言社会的相互作用才得以实现的。 这种进化历史的自然延伸就是认识到 “思维” 技术可能代表着地球生命行星进化中的下一次重大转变。这是我们可以预期的，随着社会规模扩大且变得更加复杂，就如同比我们简单的生命在过去所做的那样。一个社会的功能能力其根源深深植根于远古生命，是一条在物理材料中传播的信息谱系。就如同一个细胞可能沿着某条特定谱系进化成一个多细胞结构（这并非必然，但在地球上至少已经独立发生了 25 次），人工智能和行星规模的数据与计算的出现可以被看作是一种进化进程 —— 一个生物圈变成一个技术圈。 “人工智能和行星规模的数据与计算的出现可以被看作是一种进化进程 —— 一个生物圈变成一个技术圈。” 行星规模计算的一个例子是对行星健康的全球监测，如果这些数据能被用于自适应响应的话。另一个例子是大型语言模型，因为它们需要对大量的语言数据进行全球整合以便进行训练。 盖亚假说旨在从概念上理解生命是如何与地球建立反馈回路，从而使其能随时间维持自身的。它并没有涉及生命随时间演变的复杂性层次结构 —— 也就是生命在从分子到细胞、从多细胞到社会、从多社会到行星等不同尺度上反复出现的重大转变。 如果生命真的是一种行星级现象，我们应该能预料到，随着其组织层次逐渐扩展到行星规模，相同的特征会在不同时期反复出现。如今地球上正在涌现的是行星规模的、多社会层面的生命形式，它具备一种类似大脑的新功能，能够整合我们人类数千年来一直在构建的诸多技术。我们很难察觉到这一点，因为从进化时间的角度来看，它处于我们的未来而非过去，所以它所涵盖的时间跨度比我们人类存在的时间要长得多。此外，我们也很难察觉，是因为我们习惯从人类寿命的尺度去看待生命，而不是从行星的发展轨迹角度去考量。 这个星球上的生命深深地嵌刻在时间长河之中，而我们作为个体，只是信息谱系集合体的短暂存在形式。我们有着深厚的人类渊源（追溯回去有 38 亿年之久才发展到如今的人类），当下是我们星球历史上极为关键的时刻，但这并非进化的巅峰。我们的星球所能孕育的一切或许才刚刚起步。很有可能，在当下这个星球上可被视作 “有生命” 的信息系统层级中，我们已经处于相对靠下的几级了。 我们是这个星球上有着 38 亿年历史的信息谱系，塑造着物质世界。我们需要认识到，我们的世界充满了生命，而且生命也是我们正在进化发展的方向。只有当我们在这样的背景下理解了自身，我们才有希望辨认出那些目前还难以想象、沿着截然不同的谱系正在进化的生命形式，或者是我们可能创造出来并与之共同进化的生命形式。 分类 ERP系统 149 科技前沿 398 企业管理 139 雪兽软件 158 信息安全 72 感兴趣的文章 2024年20个最好的AI工具和应用 8款最好用的AI视频剪辑工具 人工智能的优缺点 世界上最先进的5个AI系统 什么是大数据，为什么如此重要？ 9个最好的AI平台 人工智能研究领域的热门话题 利用ChatGPT提高工作效率的7种方法 25件让你大吃一惊的计算机趣事 7种主流的AI技术 2024年22大新技术趋势 2024年排名前十的量子计算公司 塔塔、联合利华、万豪酒店都在用AI进行面试 2021年人工智能最受期待的8大趋势 未来科技:10个改变世界的想法 快速链接 雪兽软件 应用中心 软件定制 经典案例 雪兽动态 事业发展 商务合作 加入我们 关于我们 联系我们 电话：13020133833 邮箱：ryan@snowbeasts.com 地址: 上海市嘉定区江桥万达 中文 Coming soon © 2014-2024 上海雪兽信息技术有限公司 / 沪ICP备14048954号-1
